plant_id,plant_name,capacity_mw,latitude,longitude,province,start_year,technology_type,tracking_type,tracking_imputed,tilt_deg,azimuth_deg,azimuth_sin,azimuth_cos,n_phases,pvgis_ok,gem_id
plant_001,Luzentia solar farm,23.0,38.4715,-1.4231,Región de Murcia,2007.0,PV,fixed,True,36.0,-3,-0.052335956242943835,0.9986295347545738,1,True,L100000806182
plant_002,La Magascona solar farm,23.0,39.4329,-5.9353,Extremadura,2007.0,PV,fixed,True,35.0,-2,-0.03489949670250097,0.9993908270190958,1,True,L100000805770
plant_003,Hoya De Los Vicentes solar farm,23.0,38.3641,-1.2765,Región de Murcia,2007.0,PV,fixed,True,36.0,-3,-0.052335956242943835,0.9986295347545738,1,True,L100000805771
plant_004,Salamanca ES solar project,13.8,41.0277,-5.85,Castilla y León,2007.0,Assumed PV,fixed,True,36.0,-1,-0.01745240643728351,0.9998476951563913,1,True,L100001009233
plant_005,Serrezuela solar farm,32.5,37.0878,-3.7624,Andalucía,2007.0,PV,fixed,True,34.0,-2,-0.03489949670250097,0.9993908270190958,1,True,L100000824859
plant_006,Mahora solar project,15.0,39.2101,-1.75,Castilla-La Mancha,2008.0,Assumed PV,fixed,True,36.0,-2,-0.03489949670250097,0.9993908270190958,1,True,L100001009101
plant_007,La Puente de Piedra solar project,11.2,41.4369,-2.5,Castilla y León,2008.0,Assumed PV,fixed,True,37.0,0,0.0,1.0,1,True,L100001009251
plant_008,Las Gabias S solar project,18.0,37.129,-3.712,Andalucía,2008.0,Assumed PV,fixed,True,34.0,-1,-0.01745240643728351,0.9998476951563913,1,True,L100001009179
plant_009,Malpartida de Cáceres solar project,10.0,39.467,-6.51,Extremadura,2008.0,Assumed PV,fixed,True,35.0,-2,-0.03489949670250097,0.9993908270190958,1,True,L100001009140
plant_010,Valdecaballeros A solar project,10.0,39.2945,-5.2036,Extremadura,2008.0,Assumed PV,fixed,True,34.0,1,0.01745240643728351,0.9998476951563913,1,True,L100001009126
plant_011,Huerta Solar Almaraz solar farm,22.0,39.8358,-5.6604,Extremadura,2008.0,PV,fixed,True,35.0,-2,-0.03489949670250097,0.9993908270190958,1,True,L100000806930
plant_012,Aznalcóllar solar project,15.0,37.498,-6.231,Andalucía,2008.0,Assumed PV,fixed,True,34.0,0,0.0,1.0,1,True,L100001009243
plant_013,Nobesol solar farm,60.0,39.625,-2.0884,Castilla-La Mancha,2008.0,PV,fixed,True,36.0,-2,-0.03489949670250097,0.9993908270190958,1,True,L100000805818
plant_014,Arnedo solar farm,34.0,42.2748,-2.0446,La Rioja,2008.0,PV,fixed,True,37.0,-4,-0.0697564737441253,0.9975640502598242,1,True,L100000806007
plant_015,Nava de Campaña A solar project,15.0,38.47,-1.647,Castilla-La Mancha,2008.0,Assumed PV,fixed,True,36.0,-2,-0.03489949670250097,0.9993908270190958,1,True,L100001009103
plant_016,Lucainena de las Torres solar project,15.3,37.015,-2.176,Andalucía,2008.0,Assumed PV,fixed,True,34.0,0,0.0,1.0,1,True,L100001009109
plant_017,Benahadux solar project,10.6,36.9268,-2.4758,Andalucía,2008.0,Assumed PV,fixed,True,34.0,-4,-0.0697564737441253,0.9975640502598242,1,True,L100001009107
plant_018,Fuente Álamo III solar project,10.3,37.69,-1.162,Región de Murcia,2008.0,Assumed PV,fixed,True,35.0,5,0.08715574274765817,0.9961946980917455,1,True,L100001009206
plant_019,Bardenas solar project,10.1,42.271,-1.666,Comunidad Foral de Navarra,2008.0,Assumed PV,fixed,True,37.0,-1,-0.01745240643728351,0.9998476951563913,1,True,L100001009222
plant_020,Valdecaballeros solar project,10.0,39.294,-5.217,Extremadura,2008.0,Assumed PV,fixed,True,34.0,1,0.01745240643728351,0.9998476951563913,1,True,L100001009125
plant_021,El Realengo solar project,13.2,38.1995,-0.8,Comunidad Valenciana,2008.0,Assumed PV,fixed,True,36.0,1,0.01745240643728351,0.9998476951563913,1,True,L100001009106
plant_022,Puertollano solar farm,50.0,38.6201,-3.974,Castilla-La Mancha,2008.0,PV,fixed,True,35.0,-5,-0.08715574274765817,0.9961946980917455,1,True,L100000805937
plant_023,Don Quijote solar farm,15.3,39.6111,-2.8124,Castilla-La Mancha,2008.0,PV,fixed,True,36.0,-2,-0.03489949670250097,0.9993908270190958,1,True,L100000824490
plant_024,El Bonillo solar farm,20.0,38.9167,-2.5505,Castilla-La Mancha,2008.0,PV,fixed,True,35.0,-4,-0.0697564737441253,0.9975640502598242,1,True,L100000805692
plant_025,Extremasol solar project,10.0,38.846,-6.431,Extremadura,2008.0,Assumed PV,fixed,True,35.0,-1,-0.01745240643728351,0.9998476951563913,1,True,L100001009121
plant_026,Fontiveros solar project,10.0,40.9178,-4.97,Castilla y León,2008.0,Assumed PV,fixed,True,37.0,-4,-0.0697564737441253,0.9975640502598242,1,True,L100001009111
plant_027,Calzada de Calatrava solar project,10.0,38.7071,-3.72,Castilla-La Mancha,2008.0,Assumed PV,fixed,True,35.0,-4,-0.0697564737441253,0.9975640502598242,1,True,L100001009152
plant_028,Calaveron Solar solar farm,21.0,39.3269,-2.5292,Castilla-La Mancha,2008.0,PV,fixed,True,36.0,-2,-0.03489949670250097,0.9993908270190958,1,True,L100000805764
plant_029,Olmedilla solar farm,53.5,39.6145,-2.1034,Castilla-La Mancha,2008.0,PV,fixed,True,36.0,-2,-0.03489949670250097,0.9993908270190958,2,True,L100000805879
plant_030,Osa De La Vega solar farm,30.0,39.6506,-2.8001,Castilla-La Mancha,2008.0,PV,fixed,True,36.0,-4,-0.0697564737441253,0.9975640502598242,1,True,L100000806034
plant_031,General Motors Zaragoza solar farm,10.0,41.742,-1.1876,Aragón,2008.0,PV,fixed,True,38.0,-3,-0.052335956242943835,0.9986295347545738,1,True,L100000824566
plant_032,Abertura solar farm,23.0,39.2226,-5.7853,Extremadura,2008.0,PV,fixed,True,35.0,-1,-0.01745240643728351,0.9998476951563913,1,True,L100000805860
plant_033,Elduayen solar farm,11.4,38.9122,-6.2193,Extremadura,2008.0,PV,fixed,True,34.0,-1,-0.01745240643728351,0.9998476951563913,1,True,L100000824519
plant_034,Dulcinea Solar solar farm,30.0,39.6561,-2.8036,Castilla-La Mancha,2008.0,PV,fixed,True,36.0,-7,-0.12186934340514748,0.992546151641322,1,True,L100000805709
plant_035,Corella solar project,10.8,42.1194,-1.7154,Comunidad Foral de Navarra,2008.0,Assumed PV,fixed,True,37.0,-2,-0.03489949670250097,0.9993908270190958,1,True,L100001009224
plant_036,Cortijo Viejo solar project,10.0,37.641,-4.584,Andalucía,2008.0,Assumed PV,fixed,True,34.0,1,0.01745240643728351,0.9998476951563913,1,True,L100001009162
plant_037,Puebla de Almoradiel solar project,11.8,39.632,-3.09,Castilla-La Mancha,2008.0,Assumed PV,fixed,True,36.0,-4,-0.0697564737441253,0.9975640502598242,1,True,L100001009265
plant_038,Sierresita solar project,10.0,37.644,-4.59,Andalucía,2008.0,Assumed PV,fixed,True,34.0,0,0.0,1.0,1,True,L100001009168
plant_039,Spex Solar Power Plant solar farm,30.0,38.8897,-6.2859,Extremadura,2008.0,PV,fixed,True,34.0,-1,-0.01745240643728351,0.9998476951563913,1,True,L100000805954
plant_040,Talayuela 1-2 solar project,10.0,40.0208,-5.579,Extremadura,2008.0,Assumed PV,fixed,True,36.0,-1,-0.01745240643728351,0.9998476951563913,1,True,L100001009142
plant_041,Casas De Los Pinos solar farm,28.0,39.275,-2.4095,Castilla-La Mancha,2008.0,PV,fixed,True,36.0,-2,-0.03489949670250097,0.9993908270190958,1,True,L100000806724
plant_042,Albacete Casa Grande solar project,10.0,39.044,-1.976,Castilla-La Mancha,2008.0,Assumed PV,fixed,True,36.0,-3,-0.052335956242943835,0.9986295347545738,1,True,L100001009092
plant_043,Vejer de la Frontera solar project,10.0,36.2447,-6.008,Andalucía,2008.0,Assumed PV,fixed,True,33.0,5,0.08715574274765817,0.9961946980917455,1,True,L100001009148
plant_044,Ager solar project,11.4,38.328,-6.688,Extremadura,2008.0,Assumed PV,fixed,True,33.0,1,0.01745240643728351,0.9998476951563913,1,True,L100001009113
plant_045,Casatejada solar project,11.4,39.883,-5.667,Extremadura,2009.0,Assumed PV,fixed,True,35.0,-1,-0.01745240643728351,0.9998476951563913,1,True,L100001009137
plant_046,La Verilleja solar farm,26.0,38.7247,-5.5138,Extremadura,2010.0,PV,fixed,True,35.0,-5,-0.08715574274765817,0.9961946980917455,1,True,L100000805829
plant_047,Saelices solar project,11.4,39.918,-2.822,Castilla-La Mancha,2010.0,Assumed PV,fixed,True,36.0,-4,-0.0697564737441253,0.9975640502598242,1,True,L100001009171
plant_048,Tordesillas OPDE solar project,10.0,41.5062,-5.0275,Castilla y León,2010.0,Assumed PV,fixed,True,36.0,-2,-0.03489949670250097,0.9993908270190958,1,True,L100001009281
plant_049,Moratalla solar project,10.0,38.301,-1.763,Región de Murcia,2010.0,Assumed PV,fixed,True,36.0,-2,-0.03489949670250097,0.9993908270190958,1,True,L100001009212
plant_050,SEAT al Sol solar project,11.0,41.4918,1.9016,Cataluña,2013.0,Assumed PV,fixed,True,38.0,1,0.01745240643728351,0.9998476951563913,1,True,L100001009133
plant_051,El Coronil solar farm,20.0,37.0936,-5.6308,Andalucía,2014.0,PV,fixed,True,34.0,1,0.01745240643728351,0.9998476951563913,2,True,L100000824504
plant_052,Torrealvilla A solar project,10.0,37.766,-1.723,Región de Murcia,2015.0,Assumed PV,fixed,True,35.0,-2,-0.03489949670250097,0.9993908270190958,1,True,L100001009214
plant_053,Badajoz Tierra De Badajoz solar project II,12.0,38.8226,-7.0035,Extremadura,2017.0,Assumed PV,fixed,True,34.0,-1,-0.01745240643728351,0.9998476951563913,1,True,L100001009626
plant_054,Andalusia solar project LXXXVII,17.2,37.9993,-4.319,Andalucía,2017.0,Assumed PV,fixed,True,35.0,2,0.03489949670250097,0.9993908270190958,1,True,L100001010005
plant_055,Antequera solar project II,12.0,37.1366,-4.7023,Andalucía,2017.0,Assumed PV,fixed,True,34.0,0,0.0,1.0,1,True,L100001009578
plant_056,La Robla solar project,18.9,42.6955,-5.5866,Castilla y León,2017.0,Assumed PV,fixed,True,37.0,0,0.0,1.0,1,True,L100001009193
plant_057,Villanueva de Serena solar project,10.6,38.9627,-5.7713,Extremadura,2017.0,Assumed PV,fixed,True,35.0,-1,-0.01745240643728351,0.9998476951563913,1,True,L100001009128
plant_058,Andalusia solar project CVII,16.4,37.5996,-4.6956,Andalucía,2017.0,Assumed PV,fixed,True,34.0,1,0.01745240643728351,0.9998476951563913,1,True,L100001010161
plant_059,Zarza solar project,15.0,39.8688,-6.8324,Extremadura,2017.0,Assumed PV,fixed,True,35.0,-2,-0.03489949670250097,0.9993908270190958,1,True,L100001009145
plant_060,Zuera II solar project,17.3,41.9448,-0.8185,Aragón,2017.0,Assumed PV,fixed,True,38.0,-2,-0.03489949670250097,0.9993908270190958,1,True,L100001009287
plant_061,Arbante solar project,11.3,42.4954,-2.3097,Comunidad Foral de Navarra,2017.0,Assumed PV,fixed,True,37.0,0,0.0,1.0,1,True,L100001009220
plant_062,Lobosillo solar project,14.6,37.7346,-1.0607,Región de Murcia,2017.0,Assumed PV,fixed,True,35.0,4,0.0697564737441253,0.9975640502598242,1,True,L100001009209
plant_063,Los Monegros solar project I,14.1,41.8016,-0.0828,Aragón,2017.0,Assumed PV,fixed,True,38.0,0,0.0,1.0,1,True,L100001009698
plant_064,Darro Epuron solar project,13.7,37.3482,-3.2702,Andalucía,2017.0,Assumed PV,fixed,True,35.0,-7,-0.12186934340514748,0.992546151641322,1,True,L100001009176
plant_065,Fustiñana III solar project,15.7,42.031,-1.4781,Comunidad Foral de Navarra,2017.0,Assumed PV,fixed,True,38.0,-4,-0.0697564737441253,0.9975640502598242,1,True,L100001009226
plant_066,Valdelaguna solar project,14.7,36.9553,-2.4344,Andalucía,2017.0,Assumed PV,fixed,True,34.0,0,0.0,1.0,1,True,L100001009191
plant_067,Fuente de Cantos A solar project,15.5,38.2598,-6.3,Extremadura,2017.0,Assumed PV,fixed,True,35.0,-2,-0.03489949670250097,0.9993908270190958,1,True,L100001009122
plant_068,Morita solar project,12.9,37.4547,-4.6965,Andalucía,2017.0,Assumed PV,fixed,True,34.0,0,0.0,1.0,1,True,L100001009167
plant_069,Bajo Guadalentín solar project VII,17.9,37.6401,-1.3473,Región de Murcia,2017.0,Assumed PV,fixed,True,35.0,2,0.03489949670250097,0.9993908270190958,1,True,L100001010287
plant_070,Hinojos solar project,13.0,37.2681,-6.4158,Andalucía,2017.0,Assumed PV,fixed,True,34.0,1,0.01745240643728351,0.9998476951563913,1,True,L100001009184
plant_071,Belmez solar project,15.7,38.2811,-5.2393,Andalucía,2017.0,Assumed PV,fixed,True,34.0,-3,-0.052335956242943835,0.9986295347545738,1,True,L100001009161
plant_072,La Herrera 160 solar project,12.2,38.9567,-2.1039,Castilla-La Mancha,2017.0,Assumed PV,fixed,True,36.0,0,0.0,1.0,1,True,L100001009100
plant_073,La Flamenca solar project,12.8,37.2802,-7.2588,Andalucía,2017.0,Assumed PV,fixed,True,34.0,1,0.01745240643728351,0.9998476951563913,1,True,L100001009185
plant_074,L'Olleria and Garrofera solar project,11.7,38.9282,-0.5107,Comunidad Valenciana,2017.0,Assumed PV,fixed,True,36.0,0,0.0,1.0,1,True,L100001009271
plant_075,Malagón solar project,11.1,39.2615,-4.0867,Castilla-La Mancha,2017.0,Assumed PV,fixed,True,34.0,-2,-0.03489949670250097,0.9993908270190958,1,True,L100001009157
plant_076,Arico solar project III,13.0,28.1765,-16.4436,Canarias,2017.0,Assumed PV,fixed,True,26.0,-2,-0.03489949670250097,0.9993908270190958,1,True,L100001009831
plant_077,Arico solar project II,11.3,28.1389,-16.4623,Canarias,2017.0,Assumed PV,fixed,True,26.0,-2,-0.03489949670250097,0.9993908270190958,1,True,L100001009816
plant_078,Ayamonte Costa Occidental solar project,17.4,37.2728,-7.3678,Andalucía,2017.0,Assumed PV,fixed,True,34.0,1,0.01745240643728351,0.9998476951563913,1,True,L100001009546
plant_079,Isla Mayor solar project,10.3,37.1489,-6.1452,Andalucía,2017.0,Assumed PV,fixed,True,34.0,2,0.03489949670250097,0.9993908270190958,1,True,L100001009247
plant_080,Arcicóllar A solar project,17.3,40.0493,-4.0554,Castilla-La Mancha,2017.0,Assumed PV,fixed,True,36.0,-2,-0.03489949670250097,0.9993908270190958,1,True,L100001009257
plant_081,Murcia Campo De Cartagena Y Mar Menor solar project I,13.5,37.807,-1.0661,Región de Murcia,2017.0,Assumed PV,fixed,True,35.0,0,0.0,1.0,1,True,L100001009490
plant_082,Murcia Campo De Cartagena Y Mar Menor solar project VIII,10.5,37.8167,-1.1514,Región de Murcia,2017.0,Assumed PV,fixed,True,35.0,0,0.0,1.0,1,True,L100001053183
plant_083,Logrosán solar project,12.9,39.2929,-5.4865,Extremadura,2017.0,Assumed PV,fixed,True,35.0,0,0.0,1.0,1,True,L100001009139
plant_084,Minaya A solar project,13.5,39.1473,-2.2591,Castilla-La Mancha,2017.0,Assumed PV,fixed,True,36.0,-3,-0.052335956242943835,0.9986295347545738,1,True,L100001009102
plant_085,Lorca Alto Guadalentín solar project VII,13.1,37.7563,-1.7016,Región de Murcia,2017.0,Assumed PV,fixed,True,35.0,-2,-0.03489949670250097,0.9993908270190958,1,True,L100001009993
plant_086,La Quintana solar project,12.2,37.7179,-4.8893,Andalucía,2017.0,Assumed PV,fixed,True,35.0,1,0.01745240643728351,0.9998476951563913,1,True,L100001009164
plant_087,La Rambla solar project,12.7,37.6052,-4.7676,Andalucía,2017.0,Assumed PV,fixed,True,34.0,1,0.01745240643728351,0.9998476951563913,1,True,L100001009165
plant_088,Andalusia solar project LXXXIII,15.3,37.5837,-4.6938,Andalucía,2017.0,Assumed PV,fixed,True,34.0,1,0.01745240643728351,0.9998476951563913,1,True,L100001009987
plant_089,Andalusia solar project LXVI,16.5,37.5755,-4.1262,Andalucía,2017.0,Assumed PV,fixed,True,34.0,-2,-0.03489949670250097,0.9993908270190958,1,True,L100001009824
plant_090,Andalusia solar project LXXIV,13.4,38.3102,-5.2995,Andalucía,2017.0,Assumed PV,fixed,True,35.0,-2,-0.03489949670250097,0.9993908270190958,1,True,L100001009917
plant_091,Andalusia solar project LXXV,16.8,36.9683,-6.0667,Andalucía,2017.0,Assumed PV,fixed,True,34.0,2,0.03489949670250097,0.9993908270190958,1,True,L100001009932
plant_092,Extremadura solar project XIII,19.1,38.7938,-6.3327,Extremadura,2017.0,Assumed PV,fixed,True,35.0,-2,-0.03489949670250097,0.9993908270190958,1,True,L100001009426
plant_093,Extremadura solar project LXIII,18.5,39.8798,-5.6702,Extremadura,2017.0,Assumed PV,fixed,True,35.0,-1,-0.01745240643728351,0.9998476951563913,1,True,L100001010367
plant_094,Extremadura solar project LXI,16.5,38.6647,-6.2631,Extremadura,2017.0,Assumed PV,fixed,True,35.0,-2,-0.03489949670250097,0.9993908270190958,1,True,L100001010346
plant_095,Fontellas solar project,17.0,41.9914,-1.5683,Comunidad Foral de Navarra,2017.0,Assumed PV,fixed,True,38.0,-2,-0.03489949670250097,0.9993908270190958,1,True,L100001009225
plant_096,Rioja solar project IX,17.0,42.2137,-1.8548,La Rioja,2017.0,Assumed PV,fixed,True,37.0,-2,-0.03489949670250097,0.9993908270190958,1,True,L100001009964
plant_097,El Condado solar project XV,14.6,37.1628,-6.5169,Andalucía,2017.0,Assumed PV,fixed,True,34.0,2,0.03489949670250097,0.9993908270190958,1,True,L100001052872
plant_098,Extremadura solar project XIX,15.4,38.8927,-6.267,Extremadura,2017.0,Assumed PV,fixed,True,34.0,0,0.0,1.0,1,True,L100001009500
plant_099,Extremadura solar project XLIII,14.8,39.9945,-6.2556,Extremadura,2017.0,Assumed PV,fixed,True,36.0,-2,-0.03489949670250097,0.9993908270190958,1,True,L100001009994
plant_100,Plasencia solar project,14.1,41.713,-1.2512,Aragón,2017.0,Assumed PV,fixed,True,38.0,0,0.0,1.0,1,True,L100001009284
plant_101,Extremadura solar project XLV,10.9,39.967,-6.2791,Extremadura,2017.0,Assumed PV,fixed,True,35.0,-2,-0.03489949670250097,0.9993908270190958,1,True,L100001010006
plant_102,Pozohondo II solar project,17.7,38.7197,-1.8822,Castilla-La Mancha,2017.0,Assumed PV,fixed,True,36.0,-3,-0.052335956242943835,0.9986295347545738,1,True,L100001009105
plant_103,Erribera / Ribera solar project XII,14.4,42.0573,-1.6769,Comunidad Foral de Navarra,2017.0,Assumed PV,fixed,True,37.0,-3,-0.052335956242943835,0.9986295347545738,1,True,L100001053214
plant_104,Extremadura solar project XXIV,10.2,39.8312,-5.6147,Extremadura,2017.0,Assumed PV,fixed,True,35.0,-1,-0.01745240643728351,0.9998476951563913,1,True,L100001009581
plant_105,Extremadura solar project XV,12.2,39.0488,-5.2123,Extremadura,2017.0,Assumed PV,fixed,True,35.0,0,0.0,1.0,1,True,L100001009467
plant_106,Partido Judicial De Loja solar project,11.6,37.1004,-3.7905,Andalucía,2017.0,Assumed PV,fixed,True,34.0,-2,-0.03489949670250097,0.9993908270190958,1,True,L100001052994
plant_107,Guadalajara solar project,11.0,40.6663,-3.1567,Castilla-La Mancha,2017.0,Assumed PV,fixed,True,37.0,-5,-0.08715574274765817,0.9961946980917455,1,True,L100001010366
plant_108,Comarca De Loja solar project III,15.3,37.3055,-3.7124,Andalucía,2017.0,Assumed PV,fixed,True,35.0,-3,-0.052335956242943835,0.9986295347545738,1,True,L100001009762
plant_109,Costa Occidental solar project IV,13.6,37.3207,-7.325,Andalucía,2017.0,Assumed PV,fixed,True,34.0,0,0.0,1.0,1,True,L100001053736
plant_110,Sadaba B solar project,14.6,42.2647,-1.2532,Aragón,2017.0,Assumed PV,fixed,True,38.0,-1,-0.01745240643728351,0.9998476951563913,1,True,L100001009285
plant_111,Don Quijote solar project,17.8,39.8934,-5.3172,Castilla-La Mancha,2017.0,Assumed PV,fixed,True,36.0,-2,-0.03489949670250097,0.9993908270190958,1,True,L100001009258
plant_112,Rioja solar project XIX,11.6,42.457,-2.7066,La Rioja,2017.0,Assumed PV,fixed,True,36.0,2,0.03489949670250097,0.9993908270190958,1,True,L100001053515
plant_113,Comarca De Alhama solar project VII,16.9,37.0474,-3.7727,Andalucía,2017.0,Assumed PV,fixed,True,33.0,-1,-0.01745240643728351,0.9998476951563913,1,True,L100001009565
plant_114,Campo De Gibraltar solar project,17.1,36.1934,-5.4187,Andalucía,2017.0,Assumed PV,fixed,True,31.0,9,0.15643446504023087,0.9876883405951378,1,True,L100001009418
plant_115,Córdoba solar project II,10.9,37.9464,-4.5901,Andalucía,2017.0,Assumed PV,fixed,True,35.0,2,0.03489949670250097,0.9993908270190958,1,True,L100001010052
plant_116,Comarca Metropolitana De Huelva solar project I,12.9,37.376,-6.8842,Andalucía,2017.0,Assumed PV,fixed,True,34.0,1,0.01745240643728351,0.9998476951563913,1,True,L100001009693
plant_117,Cantillana solar project,10.5,37.5896,-5.8166,Andalucía,2017.0,Assumed PV,fixed,True,34.0,1,0.01745240643728351,0.9998476951563913,1,True,L100001009244
plant_118,Tejeda de Tietar solar project,18.3,39.9543,-5.8752,Extremadura,2017.0,Assumed PV,fixed,True,35.0,0,0.0,1.0,1,True,L100001009143
plant_119,Castile-La Mancha solar project XXX,12.6,39.6391,-2.0965,Castilla-La Mancha,2017.0,Assumed PV,fixed,True,36.0,-2,-0.03489949670250097,0.9993908270190958,1,True,L100001009389
plant_120,Solten II solar project,10.5,28.0702,-16.5255,Canarias,2017.0,Assumed PV,fixed,True,27.0,-2,-0.03489949670250097,0.9993908270190958,1,True,L100001009241
plant_121,Tierra De Barros solar project I,10.4,38.566,-6.2167,Extremadura,2017.0,Assumed PV,fixed,True,35.0,-3,-0.052335956242943835,0.9986295347545738,1,True,L100001009701
plant_122,Cinco Villas solar project VIII,13.4,42.106,-1.1395,Aragón,2017.0,Assumed PV,fixed,True,38.0,-2,-0.03489949670250097,0.9993908270190958,1,True,L100001010430
plant_123,Castile-La Mancha solar project XXXVII,14.3,39.4946,-3.5342,Castilla-La Mancha,2017.0,Assumed PV,fixed,True,36.0,-4,-0.0697564737441253,0.9975640502598242,1,True,L100001009411
plant_124,Segrià solar project I,11.4,41.5871,0.7476,Cataluña,2017.0,Assumed PV,fixed,True,37.0,-1,-0.01745240643728351,0.9998476951563913,1,True,L100001009423
plant_125,Losa del Obispo solar project,11.3,39.6869,-0.8508,Comunidad Valenciana,2017.0,Assumed PV,fixed,True,37.0,-2,-0.03489949670250097,0.9993908270190958,1,True,L100001009272
plant_126,Alconchel solar project,10.5,38.5231,-7.0589,Extremadura,2017.0,Assumed PV,fixed,True,34.0,-1,-0.01745240643728351,0.9998476951563913,1,True,L100001009115
plant_127,Abona solar project,17.3,28.1606,-16.4659,Canarias,2017.0,Assumed PV,fixed,True,26.0,-4,-0.0697564737441253,0.9975640502598242,1,True,L100001009235
plant_128,Valle Del Zalabí Comarca De Guadix solar project,10.1,37.243,-3.0756,Andalucía,2017.0,Assumed PV,fixed,True,35.0,-8,-0.13917310096006544,0.9902680687415704,1,True,L100001009787
plant_129,Alfarrasi solar project,11.7,38.9059,-0.5089,Comunidad Valenciana,2017.0,Assumed PV,fixed,True,36.0,0,0.0,1.0,1,True,L100001009270
plant_130,Valverdon solar project,15.5,41.0583,-5.7828,Castilla y León,2017.0,Assumed PV,fixed,True,36.0,-1,-0.01745240643728351,0.9998476951563913,1,True,L100001009234
plant_131,Sierra De Cádiz solar project II,13.4,36.8509,-5.6561,Andalucía,2017.0,Assumed PV,fixed,True,33.0,-1,-0.01745240643728351,0.9998476951563913,1,True,L100001009665
plant_132,Castile-La Mancha solar project CIV,12.2,39.4397,-1.7067,Castilla-La Mancha,2017.0,Assumed PV,fixed,True,36.0,-1,-0.01745240643728351,0.9998476951563913,1,True,L100001009727
plant_133,Castile-La Mancha solar project CLXXIII,19.1,38.7416,-3.7667,Castilla-La Mancha,2017.0,Assumed PV,fixed,True,35.0,-4,-0.0697564737441253,0.9975640502598242,1,True,L100001010040
plant_134,Sierra De Cádiz solar project IV,12.7,36.9135,-5.5916,Andalucía,2017.0,Assumed PV,fixed,True,33.0,-3,-0.052335956242943835,0.9986295347545738,1,True,L100001009902
plant_135,Castile-La Mancha solar project CDXIV,15.8,38.8823,-1.3325,Castilla-La Mancha,2017.0,Assumed PV,fixed,True,36.0,-3,-0.052335956242943835,0.9986295347545738,1,True,L100001053767
plant_136,Castile And León solar project LXIX,17.7,41.5156,-5.622,Castilla y León,2017.0,Assumed PV,fixed,True,36.0,-2,-0.03489949670250097,0.9993908270190958,1,True,L100001009788
plant_137,Castile And León solar project LXXVII,10.1,40.9344,-4.9703,Castilla y León,2017.0,Assumed PV,fixed,True,38.0,0,0.0,1.0,1,True,L100001009842
plant_138,Castile And León solar project LXXVIII,10.7,41.3741,-5.6875,Castilla y León,2017.0,Assumed PV,fixed,True,36.0,-2,-0.03489949670250097,0.9993908270190958,1,True,L100001009844
plant_139,Castile And León solar project XC,11.1,41.8745,-5.4393,Castilla y León,2017.0,Assumed PV,fixed,True,36.0,-3,-0.052335956242943835,0.9986295347545738,1,True,L100001009923
plant_140,Castile And León solar project XCIII,18.3,41.3821,-5.2795,Castilla y León,2017.0,Assumed PV,fixed,True,36.0,-8,-0.13917310096006544,0.9902680687415704,1,True,L100001009934
plant_141,Aldea del Conde solar project,17.1,38.8169,-6.7485,Extremadura,2017.0,Assumed PV,fixed,True,35.0,-2,-0.03489949670250097,0.9993908270190958,1,True,L100001009118
plant_142,Castile And León solar project CVI,17.3,41.4664,-5.82,Castilla y León,2017.0,Assumed PV,fixed,True,36.0,-3,-0.052335956242943835,0.9986295347545738,1,True,L100001010033
plant_143,Castile And León solar project L,12.1,41.7105,-4.8902,Castilla y León,2017.0,Assumed PV,fixed,True,36.0,-2,-0.03489949670250097,0.9993908270190958,1,True,L100001009676
plant_144,Villar de Cañas solar project,14.8,39.8335,-2.5686,Castilla-La Mancha,2017.0,Assumed PV,fixed,True,36.0,-3,-0.052335956242943835,0.9986295347545738,1,True,L100001009174
plant_145,Yecla Altiplano solar project V,19.1,38.6608,-1.1179,Región de Murcia,2017.0,Assumed PV,fixed,True,36.0,-2,-0.03489949670250097,0.9993908270190958,1,True,L100001009843
plant_146,Alcaudete solar project,12.6,37.5705,-4.0933,Andalucía,2017.0,Assumed PV,fixed,True,34.0,-2,-0.03489949670250097,0.9993908270190958,1,True,L100001009187
plant_147,Albacete Tinajeros solar project,19.1,39.0464,-1.7925,Castilla-La Mancha,2017.0,Assumed PV,fixed,True,36.0,-4,-0.0697564737441253,0.9975640502598242,1,True,L100001009094
plant_148,Albacete solar project I,16.2,38.9547,-2.0426,Castilla-La Mancha,2017.0,Assumed PV,fixed,True,36.0,-3,-0.052335956242943835,0.9986295347545738,1,True,L100001009444
plant_149,Albacete solar project XIII,10.1,38.928,-1.9359,Castilla-La Mancha,2017.0,Assumed PV,fixed,True,36.0,-4,-0.0697564737441253,0.9975640502598242,1,True,L100001053229
plant_150,Alcolea I-II solar project,12.5,37.9186,-4.6728,Andalucía,2017.0,Assumed PV,fixed,True,35.0,2,0.03489949670250097,0.9993908270190958,1,True,L100001009158
plant_151,Molina De Segura Vega Media Del Segura solar project,11.0,38.1028,-1.1673,Región de Murcia,2018.0,Assumed PV,single_axis,True,0.0,0,0.0,1.0,1,True,L100001010010
plant_152,Don Rodrigo solar farm,225.0,37.2209,-5.8679,Andalucía,2018.0,PV,single_axis,True,0.0,1,0.01745240643728351,0.9998476951563913,2,True,L100000805715
plant_153,Río Mula solar project II,19.2,37.9884,-1.3725,Región de Murcia,2018.0,Assumed PV,single_axis,True,0.0,-1,-0.01745240643728351,0.9998476951563913,1,True,L100001009463
plant_154,Zafra (Opdenergy) solar farm,50.0,37.3063,-5.8242,Andalucía,2019.0,PV,single_axis,True,0.0,1,0.01745240643728351,0.9998476951563913,1,True,L100000805919
plant_155,Alcazar solar farm,89.8,39.3882,-3.2117,Castilla-La Mancha,2019.0,PV,single_axis,True,0.0,-3,-0.052335956242943835,0.9986295347545738,2,True,L100000824305
plant_156,Alten El Casar solar farm,13.0,40.7025,-3.4297,Castilla-La Mancha,2019.0,PV,single_axis,True,0.0,-5,-0.08715574274765817,0.9961946980917455,1,True,L100000824323
plant_157,Almansa (X-Elio) solar farm,50.0,38.83,-1.048,Castilla-La Mancha,2019.0,PV,single_axis,True,0.0,-3,-0.052335956242943835,0.9986295347545738,1,True,L100000805765
plant_158,Santiz solar farm,50.0,41.207,-5.844,Castilla y León,2019.0,PV,single_axis,True,0.0,-1,-0.01745240643728351,0.9998476951563913,1,True,L100000805964
plant_159,Segovia solar project I,15.4,40.9258,-4.1634,Castilla y León,2019.0,Assumed PV,single_axis,True,0.0,-4,-0.0697564737441253,0.9975640502598242,1,True,L100001009391
plant_160,Castile-La Mancha solar project LXXV,12.7,40.7346,-3.0621,Castilla-La Mancha,2019.0,Assumed PV,single_axis,True,0.0,-5,-0.08715574274765817,0.9961946980917455,1,True,L100001009617
plant_161,Rioja solar project VII,11.6,42.2036,-1.8248,La Rioja,2019.0,Assumed PV,single_axis,True,0.0,-2,-0.03489949670250097,0.9993908270190958,1,True,L100001009898
plant_162,Carpio de Tajo solar farm,50.0,39.8457,-4.5275,Castilla-La Mancha,2019.0,PV,single_axis,True,0.0,-6,-0.10452846326765347,0.9945218953682733,1,True,L100000805905
plant_163,Talento solar farm,49.8,41.1891,-0.3858,Aragón,2019.0,PV,single_axis,True,0.0,-2,-0.03489949670250097,0.9993908270190958,1,True,L100000824888
plant_164,Rioja solar project XI,10.2,42.2545,-1.998,La Rioja,2019.0,Assumed PV,single_axis,True,0.0,-1,-0.01745240643728351,0.9998476951563913,1,True,L100001010520
plant_165,Castilblanco solar farm,42.9,39.2857,-5.0957,Extremadura,2019.0,PV,single_axis,True,0.0,3,0.052335956242943835,0.9986295347545738,1,True,L100000824438
plant_166,Segovia solar project II,14.1,40.9188,-4.1509,Castilla y León,2019.0,Assumed PV,single_axis,True,0.0,-4,-0.0697564737441253,0.9975640502598242,1,True,L100001009476
plant_167,Quijote solar farm,42.2,38.7824,-6.625,Extremadura,2019.0,PV,single_axis,True,0.0,-2,-0.03489949670250097,0.9993908270190958,1,True,L100000824820
plant_168,Carolinas I solar project,18.1,40.7102,-3.4046,Castilla-La Mancha,2019.0,Assumed PV,single_axis,True,0.0,-4,-0.0697564737441253,0.9975640502598242,1,True,L100001009181
plant_169,Torre De Cotillas solar farm,50.0,37.979,-1.322,Región de Murcia,2019.0,PV,single_axis,True,0.0,0,0.0,1.0,1,True,L100000805768
plant_170,Euder solar farm,129.0,39.2441,-5.2922,Extremadura,2019.0,PV,single_axis,True,0.0,1,0.01745240643728351,0.9998476951563913,3,True,L100000805779
plant_171,Torrijos solar farm,35.6,40.0456,-4.2734,Castilla-La Mancha,2019.0,PV,single_axis,True,0.0,-1,-0.01745240643728351,0.9998476951563913,1,True,L100000824909
plant_172,Esplendor solar farm,49.8,41.1891,-0.3858,Aragón,2019.0,PV,single_axis,True,0.0,-2,-0.03489949670250097,0.9993908270190958,1,True,L100000824536
plant_173,Totana solar farm,85.0,37.7587,-1.4304,Región de Murcia,2019.0,PV,single_axis,True,0.0,1,0.01745240643728351,0.9998476951563913,1,True,L100000805797
plant_174,Olivares EP solar project,11.3,37.8182,-3.8018,Andalucía,2019.0,Assumed PV,single_axis,True,0.0,-2,-0.03489949670250097,0.9993908270190958,1,True,L100001009188
plant_175,Poleñino solar farm,30.0,41.874,-0.321,Aragón,2019.0,PV,single_axis,True,0.0,0,0.0,1.0,1,True,L100000805966
plant_176,Escatrón Dos solar farm,49.8,41.2874,-0.324,Aragón,2019.0,PV,single_axis,True,0.0,-1,-0.01745240643728351,0.9998476951563913,1,True,L100000824530
plant_177,Picón solar farm,150.0,39.0301,-4.0201,Castilla-La Mancha,2019.0,PV,single_axis,True,0.0,1,0.01745240643728351,0.9998476951563913,3,True,L100000805906
plant_178,Puerto Real solar farm,230.5,36.5152,-6.2765,Andalucía,2019.0,PV,single_axis,True,0.0,4,0.0697564737441253,0.9975640502598242,3,True,L100000824819
plant_179,El Baldío solar farm,20.0,39.9646,-5.6986,Extremadura,2019.0,PV,single_axis,True,0.0,-1,-0.01745240643728351,0.9998476951563913,1,True,L100000805965
plant_180,Campo De Cartagena Y Mar Menor solar project VII,10.4,37.7204,-1.1272,Región de Murcia,2019.0,Assumed PV,single_axis,True,0.0,4,0.0697564737441253,0.9975640502598242,1,True,L100001010406
plant_181,Palma del Río PV solar farm,50.0,37.6337,-5.2733,Andalucía,2019.0,PV,single_axis,True,0.0,1,0.01745240643728351,0.9998476951563913,1,True,L100000824787
plant_182,Parcas solar farm,40.0,36.934,-2.068,Andalucía,2019.0,PV,single_axis,True,0.0,4,0.0697564737441253,0.9975640502598242,1,True,L100000805767
plant_183,Monclova solar farm,50.0,37.549,-5.332,Andalucía,2019.0,PV,single_axis,True,0.0,1,0.01745240643728351,0.9998476951563913,1,True,L100000805994
plant_184,La Nava solar farm,48.0,38.6766,-4.1907,Castilla-La Mancha,2019.0,PV,single_axis,True,0.0,0,0.0,1.0,1,True,L100000805907
plant_185,Medina solar farm,30.0,41.34,-4.931,Castilla y León,2019.0,PV,single_axis,True,0.0,-2,-0.03489949670250097,0.9993908270190958,1,True,L100000805962
plant_186,Miramundo solar farm,50.0,36.52,-6.131,Andalucía,2019.0,PV,single_axis,True,0.0,3,0.052335956242943835,0.9986295347545738,1,True,L100000805917
plant_187,Alcores solar farm,40.0,37.436,-5.793,Andalucía,2019.0,PV,single_axis,True,0.0,1,0.01745240643728351,0.9998476951563913,1,True,L100000806037
plant_188,Zurbarán (Enel) solar farm,42.9,39.0656,-5.7224,Extremadura,2019.0,PV,single_axis,True,0.0,0,0.0,1.0,1,True,L100000824973
plant_189,La Fernandina solar farm,45.0,38.884,-6.341,Extremadura,2019.0,PV,single_axis,True,0.0,-1,-0.01745240643728351,0.9998476951563913,1,True,L100000805915
plant_190,La Aljorra solar farm,31.1,37.7214,-1.1724,Región de Murcia,2019.0,PV,single_axis,True,0.0,4,0.0697564737441253,0.9975640502598242,1,True,L100000824631
plant_191,Gamonarejo 36 solar farm,50.0,37.8074,-5.1006,Andalucía,2019.0,PV,single_axis,True,0.0,2,0.03489949670250097,0.9993908270190958,1,True,L100000805776
plant_192,Valdelosa solar farm,30.0,41.212,-5.842,Castilla y León,2019.0,PV,single_axis,True,0.0,-1,-0.01745240643728351,0.9998476951563913,1,True,L100000805968
plant_193,Valdecarro solar farm,49.8,39.3939,-3.2131,Castilla-La Mancha,2019.0,PV,single_axis,True,0.0,-3,-0.052335956242943835,0.9986295347545738,1,True,L100000824924
plant_194,Valdivieso solar farm,49.9,39.3939,-3.2131,Castilla-La Mancha,2019.0,PV,single_axis,True,0.0,-3,-0.052335956242943835,0.9986295347545738,1,True,L100000824928
plant_195,Mula Solar Photovoltaic Power Plant,494.0,37.9554,-1.4008,Región de Murcia,2019.0,PV,single_axis,True,0.0,-1,-0.01745240643728351,0.9998476951563913,1,True,L100000805740
plant_196,Grullas-Peñaflor solar farm,30.9,37.6568,-5.5269,Andalucía,2019.0,PV,single_axis,True,0.0,1,0.01745240643728351,0.9998476951563913,1,True,L100000824576
plant_197,Cadima solar farm,40.0,36.986,-2.043,Andalucía,2019.0,PV,single_axis,True,0.0,0,0.0,1.0,1,True,L100000805766
plant_198,Bonete solar farm,140.7,38.8379,-1.3087,Castilla-La Mancha,2019.0,PV,single_axis,True,0.0,-3,-0.052335956242943835,0.9986295347545738,3,True,L100000824392
plant_199,Palacios Del Arzobispo solar farm,30.0,41.1631,-5.8912,Castilla y León,2019.0,PV,single_axis,True,0.0,-1,-0.01745240643728351,0.9998476951563913,1,True,L100000805963
plant_200,Hazaña solar farm,49.8,41.1891,-0.3858,Aragón,2019.0,PV,single_axis,True,0.0,-2,-0.03489949670250097,0.9993908270190958,1,True,L100000824586
plant_201,Grullas solar farm,62.0,37.726,-5.434,Andalucía,2019.0,PV,single_axis,True,0.0,1,0.01745240643728351,0.9998476951563913,1,True,L100000805993
plant_202,Geria solar project,16.3,41.5631,-4.9031,Castilla y León,2019.0,Assumed PV,single_axis,True,0.0,-3,-0.052335956242943835,0.9986295347545738,1,True,L100001009275
plant_203,CFS Alarcos solar farm,49.9,38.8571,-4.0814,Castilla-La Mancha,2019.0,PV,single_axis,True,0.0,-2,-0.03489949670250097,0.9993908270190958,1,True,L100000824455
plant_204,Tordesillas (Solaria) solar farm,80.0,41.4721,-5.0141,Castilla y León,2019.0,PV,single_axis,True,0.0,-3,-0.052335956242943835,0.9986295347545738,2,True,L100000805967
plant_205,Tordesillas 3 solar project,15.0,41.519,-4.996,Castilla y León,2019.0,Assumed PV,single_axis,True,0.0,-3,-0.052335956242943835,0.9986295347545738,1,True,L100001009280
plant_206,Castile-La Mancha solar project CCLVII,11.5,38.3177,-1.8777,Castilla-La Mancha,2020.0,Assumed PV,single_axis,True,0.0,0,0.0,1.0,1,True,L100001010448
plant_207,Cerrado Cabrera solar farm,50.0,37.2507,-5.6827,Andalucía,2020.0,PV,single_axis,True,0.0,1,0.01745240643728351,0.9998476951563913,1,True,L100000805956
plant_208,Zaragoza solar project VII,17.6,41.8775,-0.8167,Aragón,2020.0,Assumed PV,single_axis,True,0.0,-2,-0.03489949670250097,0.9993908270190958,1,True,L100001010277
plant_209,Alcalá De Guadaira Solar Park,149.0,37.3563,-5.8171,Andalucía,2020.0,PV,single_axis,True,0.0,1,0.01745240643728351,0.9998476951563913,1,True,L100000805699
plant_210,Campanario (Elawan) solar farm,235.9,38.8465,-1.3001,Castilla-La Mancha,2020.0,PV,single_axis,True,0.0,-3,-0.052335956242943835,0.9986295347545738,5,True,L100000824406
plant_211,Hazas de las Sesenta solar farm,50.0,37.2507,-5.6827,Andalucía,2020.0,PV,single_axis,True,0.0,1,0.01745240643728351,0.9998476951563913,1,True,L100000805958
plant_212,Talasol solar farm,300.0,39.632,-6.3,Extremadura,2020.0,PV,single_axis,True,0.0,-2,-0.03489949670250097,0.9993908270190958,1,True,L100000805902
plant_213,Algibicos solar farm,49.0,37.847,-1.118,Región de Murcia,2020.0,PV,single_axis,True,0.0,2,0.03489949670250097,0.9993908270190958,1,True,L100000805769
plant_214,Talayuela (Solarcentury) solar farm,300.0,39.919,-5.418,Extremadura,2020.0,PV,single_axis,True,0.0,-1,-0.01745240643728351,0.9998476951563913,1,True,L100000805960
plant_215,El Bonal solar farm,80.0,38.6418,-3.9575,Castilla-La Mancha,2020.0,PV,single_axis,True,0.0,-4,-0.0697564737441253,0.9975640502598242,1,True,L100000805936
plant_216,Campo De Cartagena Y Mar Menor solar project VIII,14.7,37.734,-0.8889,Región de Murcia,2020.0,Assumed PV,single_axis,True,0.0,5,0.08715574274765817,0.9961946980917455,1,True,L100001010429
plant_217,Augusto solar farm,50.0,38.866,-6.884,Extremadura,2020.0,PV,single_axis,True,0.0,-1,-0.01745240643728351,0.9998476951563913,1,True,L100000805792
plant_218,Montesol solar farm,50.0,40.711,-0.899,Aragón,2020.0,PV,single_axis,True,0.0,-3,-0.052335956242943835,0.9986295347545738,1,True,L100000805918
plant_219,Lorca Alto Guadalentín solar project VIII,10.3,37.48,-1.7807,Región de Murcia,2020.0,Assumed PV,single_axis,True,0.0,1,0.01745240643728351,0.9998476951563913,1,True,L100001010261
plant_220,Lorca Alto Guadalentín solar project IX,16.2,37.4897,-1.7751,Región de Murcia,2020.0,Assumed PV,single_axis,True,0.0,1,0.01745240643728351,0.9998476951563913,1,True,L100001010262
plant_221,Migjorn solar project X,19.9,39.4192,2.7967,Islas Baleares,2020.0,Assumed PV,single_axis,True,0.0,1,0.01745240643728351,0.9998476951563913,1,True,L100001009734
plant_222,Guadalteba solar project IV,16.6,37.0029,-4.9582,Andalucía,2020.0,Assumed PV,single_axis,True,0.0,0,0.0,1.0,1,True,L100001010146
plant_223,Bargas (Castilla-La Mancha) solar farm,50.0,39.9178,-4.1168,Castilla-La Mancha,2020.0,PV,single_axis,True,0.0,-1,-0.01745240643728351,0.9998476951563913,1,True,L100000805991
plant_224,Huelva solar farm,100.0,37.361,-6.924,Andalucía,2020.0,PV,single_axis,True,0.0,1,0.01745240643728351,0.9998476951563913,2,True,L100000805698
plant_225,Badajoz Tierra De Badajoz solar project VI,14.9,38.8803,-6.8758,Extremadura,2020.0,Assumed PV,single_axis,True,0.0,0,0.0,1.0,1,True,L100001010083
plant_226,Los Verdinales solar project,15.0,41.542,-4.631,Castilla y León,2020.0,Assumed PV,single_axis,True,0.0,-3,-0.052335956242943835,0.9986295347545738,1,True,L100001009277
plant_227,Los Naranjos solar farm,50.0,37.4283,-5.8708,Andalucía,2020.0,PV,single_axis,True,0.0,1,0.01745240643728351,0.9998476951563913,1,True,L100000805796
plant_228,Los Gonzalez solar farm,50.0,37.2507,-5.6827,Andalucía,2020.0,PV,single_axis,True,0.0,1,0.01745240643728351,0.9998476951563913,1,True,L100000805959
plant_229,Los Belos solar farm,50.0,41.4936,-1.0927,Aragón,2020.0,PV,single_axis,True,0.0,-2,-0.03489949670250097,0.9993908270190958,1,True,L100000805916
plant_230,Alvarado solar farm (Spain),100.0,38.8098,-6.7908,Extremadura,2020.0,PV,single_axis,True,0.0,-2,-0.03489949670250097,0.9993908270190958,2,True,L100000805992
plant_231,13 Roeles solar farm,14.9,41.3326,-4.9094,Castilla y León,2020.0,PV,single_axis,True,0.0,-4,-0.0697564737441253,0.9975640502598242,1,True,L100000824285
plant_232,Amazon Cabrera solar farm,149.0,37.3817,-5.9804,Andalucía,2020.0,PV,single_axis,True,0.0,1,0.01745240643728351,0.9998476951563913,1,True,L100000824335
plant_233,Alarcos solar farm,50.0,38.936,-3.9897,Castilla-La Mancha,2020.0,PV,single_axis,True,0.0,-2,-0.03489949670250097,0.9993908270190958,1,True,L100000805945
plant_234,La Solanilla solar farm,50.0,39.431,-5.9253,Extremadura,2020.0,PV,single_axis,True,0.0,-2,-0.03489949670250097,0.9993908270190958,1,True,L100000805835
plant_235,La Vega solar farm,86.0,36.9898,-4.913,Andalucía,2020.0,PV,single_axis,True,0.0,12,0.20791169081775934,0.9781476007338057,2,True,L100000805794
plant_236,Andalusia solar project II,16.6,37.4221,-5.7587,Andalucía,2020.0,Assumed PV,single_axis,True,0.0,1,0.01745240643728351,0.9998476951563913,1,True,L100001009325
plant_237,Las Corchas solar farm,50.0,37.4743,-5.7034,Andalucía,2020.0,PV,single_axis,True,0.0,1,0.01745240643728351,0.9998476951563913,1,True,L100000805795
plant_238,Andalusia solar project XCIV,10.4,37.3832,-5.8551,Andalucía,2020.0,Assumed PV,single_axis,True,0.0,1,0.01745240643728351,0.9998476951563913,1,True,L100001010128
plant_239,Andévalo solar farm,50.0,37.6102,-7.2453,Andalucía,2020.0,PV,single_axis,True,0.0,0,0.0,1.0,1,True,L100000805876
plant_240,El Salobral solar farm,45.0,37.6832,-4.5629,Andalucía,2020.0,PV,single_axis,True,0.0,3,0.052335956242943835,0.9986295347545738,1,True,L100000806603
plant_241,Núñez De Balboa solar farm,500.0,38.4533,-6.226,Extremadura,2020.0,PV,single_axis,True,0.0,-3,-0.052335956242943835,0.9986295347545738,1,True,L100000805862
plant_242,Extremadura solar project LXXV,12.5,39.7846,-5.7154,Extremadura,2020.0,Assumed PV,single_axis,True,0.0,0,0.0,1.0,1,True,L100001052785
plant_243,Renedo (Solaria) solar farm,26.0,41.0525,-4.6481,Castilla y León,2020.0,PV,single_axis,True,0.0,-5,-0.08715574274765817,0.9961946980917455,1,True,L100001007696
plant_244,EKIAN (EVE) solar farm,24.0,42.7024,-2.8968,País Vasco,2020.0,PV,single_axis,True,0.0,7,0.12186934340514748,0.992546151641322,2,True,L100000824496
plant_245,El Primo Aleman solar farm,50.0,37.2507,-5.6827,Andalucía,2020.0,PV,single_axis,True,0.0,1,0.01745240643728351,0.9998476951563913,1,True,L100000805957
plant_246,Nororma solar project V,16.8,37.1077,-4.424,Andalucía,2021.0,Assumed PV,single_axis,True,0.0,1,0.01745240643728351,0.9998476951563913,1,True,L100001010182
plant_247,Nororma solar project I,19.6,37.0904,-4.4235,Andalucía,2021.0,Assumed PV,single_axis,True,0.0,1,0.01745240643728351,0.9998476951563913,1,True,L100001009342
plant_248,Turroneros solar farm,49.6,38.5089,-0.4711,Comunidad Valenciana,2021.0,PV,single_axis,True,0.0,-2,-0.03489949670250097,0.9993908270190958,2,True,L100000824916
plant_249,Torrepalma solar farm,22.0,37.453,-5.798,Andalucía,2021.0,PV,single_axis,True,0.0,1,0.01745240643728351,0.9998476951563913,1,True,L100000805788
plant_250,Cincinato solar farm,50.0,38.1694,-6.5588,Extremadura,2021.0,PV,single_axis,True,0.0,-2,-0.03489949670250097,0.9993908270190958,1,True,L100000805784
plant_251,Cinco Villas solar project I,12.7,42.1152,-1.2248,Aragón,2021.0,Assumed PV,single_axis,True,0.0,-2,-0.03489949670250097,0.9993908270190958,1,True,L100001009360
plant_252,Castile-La Mancha solar project XLVII,15.4,40.7427,-3.0515,Castilla-La Mancha,2021.0,Assumed PV,single_axis,True,0.0,-5,-0.08715574274765817,0.9961946980917455,1,True,L100001009449
plant_253,Cepheus solar farm,30.4,41.0528,-0.1415,Aragón,2021.0,PV,single_axis,True,0.0,-3,-0.052335956242943835,0.9986295347545738,1,True,L100000824449
plant_254,Ceclavín solar farm,328.0,39.8201,-6.7798,Extremadura,2021.0,PV,single_axis,True,0.0,-2,-0.03489949670250097,0.9993908270190958,1,True,L100000805865
plant_255,Tambores 1 solar farm,49.5,41.2699,-0.5282,Aragón,2021.0,PV,single_axis,True,0.0,-2,-0.03489949670250097,0.9993908270190958,1,True,L100000824890
plant_256,Socovos 2 solar farm,54.6,38.3125,-1.8864,Castilla-La Mancha,2021.0,PV,single_axis,True,0.0,0,0.0,1.0,2,True,L100001005482
plant_257,Sigma (Solaria) solar farm,30.0,41.9746,-4.3876,Castilla y León,2021.0,PV,single_axis,True,0.0,1,0.01745240643728351,0.9998476951563913,1,True,L100000805977
plant_258,Cartuja solar farm,46.8,36.5806,-6.1079,Andalucía,2021.0,PV,single_axis,True,0.0,3,0.052335956242943835,0.9986295347545738,1,True,L100000824432
plant_259,Tordesillas (Baywa R.E.) solar farm,42.0,39.3261,-4.838,Castilla y León,2021.0,PV,single_axis,True,0.0,0,0.0,1.0,1,True,L100000805713
plant_260,Alto Guadalentín solar project II,14.7,37.5511,-1.7941,Región de Murcia,2021.0,Assumed PV,single_axis,True,0.0,-1,-0.01745240643728351,0.9998476951563913,1,True,L100001010268
plant_261,Castile-La Mancha solar project CXCI,16.6,40.0665,-4.1284,Castilla-La Mancha,2021.0,Assumed PV,single_axis,True,0.0,-1,-0.01745240643728351,0.9998476951563913,1,True,L100001010200
plant_262,Castile-La Mancha solar project CCLXXIII,17.6,39.9461,-2.6311,Castilla-La Mancha,2021.0,Assumed PV,single_axis,True,0.0,-3,-0.052335956242943835,0.9986295347545738,1,True,L100001010540
plant_263,Castile And León solar project CXXXIV,10.8,41.9245,-4.4112,Castilla y León,2021.0,Assumed PV,single_axis,True,0.0,-2,-0.03489949670250097,0.9993908270190958,1,True,L100001010213
plant_264,Castile-La Mancha solar project CCCXXXI,15.6,40.0126,-4.8063,Castilla-La Mancha,2021.0,Assumed PV,single_axis,True,0.0,-1,-0.01745240643728351,0.9998476951563913,1,True,L100001053162
plant_265,Zaragoza solar project II,12.1,41.9091,-0.8046,Aragón,2021.0,Assumed PV,single_axis,True,0.0,-2,-0.03489949670250097,0.9993908270190958,1,True,L100001009865
plant_266,Zafra - Río Bodión solar project VIII,14.8,38.4334,-6.4387,Extremadura,2021.0,Assumed PV,single_axis,True,0.0,-3,-0.052335956242943835,0.9986295347545738,1,True,L100001010107
plant_267,Amazon Villanueva solar farm,40.0,39.9467,-2.5984,Castilla-La Mancha,2021.0,PV,single_axis,True,0.0,-4,-0.0697564737441253,0.9975640502598242,1,True,L100000824340
plant_268,Amazon Antilia solar farm,40.0,41.2244,-3.9954,Castilla y León,2021.0,PV,single_axis,True,0.0,-5,-0.08715574274765817,0.9961946980917455,1,True,L100000824331
plant_269,Amazon Armada solar farm,82.5,40.3386,-3.1914,Comunidad de Madrid,2021.0,PV,single_axis,True,0.0,-4,-0.0697564737441253,0.9975640502598242,1,True,L100000824333
plant_270,Amazon Arco solar farm,137.5,36.6902,-6.1323,Andalucía,2021.0,PV,single_axis,True,0.0,3,0.052335956242943835,0.9986295347545738,1,True,L100000824332
plant_271,Zarzuela solar farm,41.8,42.1824,-4.1526,Castilla y León,2021.0,PV,single_axis,True,0.0,0,0.0,1.0,1,True,L100000824967
plant_272,Amazon Zaragoza solar farm,50.0,41.6517,-0.7839,Aragón,2021.0,PV,single_axis,True,0.0,-1,-0.01745240643728351,0.9998476951563913,1,True,L100000805700
plant_273,Andalusia solar project CXIX,15.9,37.0687,-2.29,Andalucía,2021.0,Assumed PV,single_axis,True,0.0,-1,-0.01745240643728351,0.9998476951563913,1,True,L100001010259
plant_274,Madrid solar project II,10.7,40.49,-3.5473,Comunidad de Madrid,2021.0,Assumed PV,single_axis,True,0.0,-6,-0.10452846326765347,0.9945218953682733,1,True,L100001010365
plant_275,Apicio solar farm,50.0,38.1663,-6.6601,Extremadura,2021.0,PV,single_axis,True,0.0,-2,-0.03489949670250097,0.9993908270190958,1,True,L100000805780
plant_276,Ardila solar farm,50.0,38.159,-6.5906,Extremadura,2021.0,PV,single_axis,True,0.0,-2,-0.03489949670250097,0.9993908270190958,1,True,L100000805783
plant_277,La Pinilla solar farm,48.8,37.7214,-1.1724,Región de Murcia,2021.0,PV,single_axis,True,0.0,4,0.0697564737441253,0.9975640502598242,1,True,L100000824648
plant_278,Las Naranjillas solar farm,50.0,37.425,-5.793,Andalucía,2021.0,PV,single_axis,True,0.0,1,0.01745240643728351,0.9998476951563913,1,True,L100000805850
plant_279,Andalusia solar project CXI,16.1,37.4444,-3.8897,Andalucía,2021.0,Assumed PV,single_axis,True,0.0,0,0.0,1.0,1,True,L100001010185
plant_280,Amazon Hijar 1 solar farm,49.0,41.1757,-0.4536,Aragón,2021.0,PV,single_axis,True,0.0,0,0.0,1.0,1,True,L100000824338
plant_281,Arenales (Iberdrola) solar farm,150.0,39.4578,-6.4421,Extremadura,2021.0,PV,single_axis,True,0.0,-2,-0.03489949670250097,0.9993908270190958,1,True,L100000805877
plant_282,Las Quinientas solar farm,110.0,36.6123,-6.1122,Andalucía,2021.0,PV,single_axis,True,0.0,3,0.052335956242943835,0.9986295347545738,1,True,L100000824673
plant_283,Beturia solar farm,50.0,38.159,-6.5906,Extremadura,2021.0,PV,single_axis,True,0.0,-2,-0.03489949670250097,0.9993908270190958,1,True,L100000805781
plant_284,Bienvenida solar farm,180.0,38.283,-6.161,Extremadura,2021.0,PV,single_axis,True,0.0,-3,-0.052335956242943835,0.9986295347545738,1,True,L100000805856
plant_285,Barcience solar farm,50.0,39.923,-4.088,Castilla-La Mancha,2021.0,PV,single_axis,True,0.0,-6,-0.10452846326765347,0.9945218953682733,1,True,L100000805878
plant_286,Barbastro Somontano De Barbastro solar project,15.4,42.0022,0.1157,Aragón,2021.0,Assumed PV,single_axis,True,0.0,-1,-0.01745240643728351,0.9998476951563913,1,True,L100001010436
plant_287,Nertóbriga solar farm,50.0,38.257,-6.6127,Extremadura,2021.0,PV,single_axis,True,0.0,-1,-0.01745240643728351,0.9998476951563913,1,True,L100000805782
plant_288,Hinojosa solar farm,21.9,38.4836,-6.1855,Extremadura,2021.0,PV,single_axis,True,0.0,-2,-0.03489949670250097,0.9993908270190958,1,True,L100000824603
plant_289,Valdesolar solar farm,264.0,38.7986,-6.2371,Extremadura,2021.0,PV,single_axis,True,0.0,2,0.03489949670250097,0.9993908270190958,1,True,L100000805939
plant_290,Calera y Chozas solar project,16.2,39.932,-4.965,Castilla-La Mancha,2021.0,Assumed PV,single_axis,True,0.0,-2,-0.03489949670250097,0.9993908270190958,1,True,L100001009090
plant_291,La Cabrita solar farm,46.2,37.0444,-2.3221,Andalucía,2021.0,PV,single_axis,True,0.0,-1,-0.01745240643728351,0.9998476951563913,1,True,L100000824633
plant_292,Huelva Comarca Metropolitana De Huelva solar project I,13.0,37.3281,-6.9276,Andalucía,2021.0,Assumed PV,single_axis,True,0.0,1,0.01745240643728351,0.9998476951563913,1,True,L100001009454
plant_293,Hijar 1 solar farm,49.5,41.2611,-0.5183,Aragón,2021.0,PV,single_axis,True,0.0,-2,-0.03489949670250097,0.9993908270190958,1,True,L100000824602
plant_294,Azaila solar farm,50.0,41.2598,-0.455,Aragón,2021.0,PV,single_axis,True,0.0,-2,-0.03489949670250097,0.9993908270190958,1,True,L100000805863
plant_295,Extremadura solar project CV,17.9,39.957,-5.755,Extremadura,2021.0,Assumed PV,single_axis,True,0.0,-1,-0.01745240643728351,0.9998476951563913,1,True,L100001053461
plant_296,Calamocha 2 solar farm,49.5,41.2594,-0.5386,Aragón,2021.0,PV,single_axis,True,0.0,-2,-0.03489949670250097,0.9993908270190958,1,True,L100001000582
plant_297,CSF Continua Anguita solar farm,93.0,41.0273,-2.37,Castilla-La Mancha,2021.0,PV,single_axis,True,0.0,-3,-0.052335956242943835,0.9986295347545738,1,True,L100000824482
plant_298,Capricornius solar farm,25.0,41.9813,-4.4237,Castilla y León,2021.0,PV,single_axis,True,0.0,-3,-0.052335956242943835,0.9986295347545738,1,True,L100000805971
plant_299,Prados de Luna solar project,13.5,40.0187,-3.9168,Castilla-La Mancha,2021.0,Assumed PV,single_axis,True,0.0,-4,-0.0697564737441253,0.9975640502598242,1,True,L100001009264
plant_300,Campo Arañuelo solar farm,140.0,39.7865,-5.7008,Extremadura,2021.0,PV,single_axis,True,0.0,-2,-0.03489949670250097,0.9993908270190958,3,True,L100000805864
plant_301,Extremadura solar project LV,15.9,39.996,-6.1418,Extremadura,2021.0,Assumed PV,single_axis,True,0.0,-7,-0.12186934340514748,0.992546151641322,1,True,L100001010134
plant_302,Extremadura solar project LVII,17.3,39.3243,-6.1418,Extremadura,2021.0,Assumed PV,single_axis,True,0.0,-3,-0.052335956242943835,0.9986295347545738,1,True,L100001010144
plant_303,Escucha 2 solar farm,49.5,41.2693,-0.5396,Aragón,2021.0,PV,single_axis,True,0.0,-2,-0.03489949670250097,0.9993908270190958,1,True,L100000824532
plant_304,Puerto Lumbreras solar farm,50.0,37.5202,-1.8111,Región de Murcia,2021.0,PV,single_axis,True,0.0,-1,-0.01745240643728351,0.9998476951563913,1,True,L100000824818
plant_305,Perseo Fotón solar farm,126.0,39.0048,-3.3892,Castilla-La Mancha,2021.0,PV,single_axis,True,0.0,-3,-0.052335956242943835,0.9986295347545738,3,True,L100000805940
plant_306,Peñaflor 2 solar farm,49.5,41.2597,-0.5265,Aragón,2021.0,PV,single_axis,True,0.0,-2,-0.03489949670250097,0.9993908270190958,1,True,L100000824794
plant_307,Zafra - Río Bodión solar project IX,18.2,38.4295,-6.3829,Extremadura,2022.0,Assumed PV,single_axis,True,0.0,-2,-0.03489949670250097,0.9993908270190958,1,True,L100001053568
plant_308,Almaraz solar farm,85.2,39.7867,-5.7003,Extremadura,2022.0,PV,single_axis,True,0.0,-2,-0.03489949670250097,0.9993908270190958,2,True,L100000824320
plant_309,Alizarsun solar farm,50.0,41.182,-0.4397,Aragón,2022.0,PV,single_axis,True,0.0,-2,-0.03489949670250097,0.9993908270190958,1,True,L100001007668
plant_310,Castile And León solar project CXLIX,12.6,41.6083,-2.5041,Castilla y León,2022.0,Assumed PV,single_axis,True,0.0,-4,-0.0697564737441253,0.9975640502598242,1,True,L100001010443
plant_311,Tabernas (Naturgy) solar farm,97.6,37.0698,-2.3152,Andalucía,2022.0,PV,single_axis,True,0.0,0,0.0,1.0,2,True,L100000824881
plant_312,Albeniz solar farm,50.0,36.8476,-2.4499,Andalucía,2022.0,PV,single_axis,True,0.0,3,0.052335956242943835,0.9986295347545738,1,True,L100000824300
plant_313,Valle Del Almanzora solar project IV,14.4,37.371,-2.236,Andalucía,2022.0,Assumed PV,single_axis,True,0.0,-1,-0.01745240643728351,0.9998476951563913,1,True,L100001010506
plant_314,Vidriera Crisnova solar farm,12.0,38.7099,-0.9496,Castilla-La Mancha,2022.0,PV,single_axis,True,0.0,-3,-0.052335956242943835,0.9986295347545738,1,True,L100000824942
plant_315,San Antonio (Iberdrola) solar farm,49.9,39.6096,-7.4516,Extremadura,2022.0,PV,single_axis,True,0.0,-1,-0.01745240643728351,0.9998476951563913,1,True,L100000824848
plant_316,Castile And León solar project CXXI,17.0,41.4443,-5.4317,Castilla y León,2022.0,Assumed PV,single_axis,True,0.0,-2,-0.03489949670250097,0.9993908270190958,1,True,L100001010167
plant_317,Algiedi solar farm,20.6,41.9829,-4.4281,Castilla y León,2022.0,PV,single_axis,True,0.0,-3,-0.052335956242943835,0.9986295347545738,1,True,L100000824313
plant_318,Castile And León solar project CLII,14.5,41.8602,-5.0263,Castilla y León,2022.0,Assumed PV,single_axis,True,0.0,-3,-0.052335956242943835,0.9986295347545738,1,True,L100001010472
plant_319,Stellantis (Zaragoza) solar farm,31.1,41.7527,-1.1783,Aragón,2022.0,PV,single_axis,True,0.0,-2,-0.03489949670250097,0.9993908270190958,2,True,L100000824877
plant_320,San Serván solar farm,126.89999999999999,38.7242,-6.5445,Extremadura,2022.0,PV,single_axis,True,0.0,-3,-0.052335956242943835,0.9986295347545738,3,True,L100000805836
plant_321,Ciudad Real solar project,17.3,38.9423,-3.9508,Castilla-La Mancha,2022.0,Assumed PV,single_axis,True,0.0,-2,-0.03489949670250097,0.9993908270190958,1,True,L100001010557
plant_322,Tico solar farm,63.8,41.2066,-0.9668,Aragón,2022.0,PV,single_axis,True,0.0,-3,-0.052335956242943835,0.9986295347545738,2,True,L100000824901
plant_323,Talaván solar farm,28.0,39.7172,-6.2765,Extremadura,2022.0,PV,single_axis,True,0.0,-1,-0.01745240643728351,0.9998476951563913,1,True,L100000805901
plant_324,El Yarte solar farm,46.6,36.6061,-5.7988,Andalucía,2022.0,PV,single_axis,True,0.0,1,0.01745240643728351,0.9998476951563913,1,True,L100000824515
plant_325,Portachuelo (Sonnedix) solar farm,35.0,39.8755,-3.9431,Castilla-La Mancha,2022.0,PV,single_axis,True,0.0,0,0.0,1.0,1,True,L100001005367
plant_326,Pla De Mallorca solar project XI,12.5,39.7589,3.1429,Islas Baleares,2022.0,Assumed PV,single_axis,True,0.0,0,0.0,1.0,1,True,L100001010338
plant_327,Pinos Puente solar farm,147.6,37.2531,-3.7535,Andalucía,2022.0,PV,single_axis,True,0.0,0,0.0,1.0,1,True,L100001007605
plant_328,Campina Cordobesa Dos solar farm,11.3,37.3917,-4.7659,Andalucía,2022.0,PV,single_axis,True,0.0,0,0.0,1.0,1,True,L100000824407
plant_329,Esparragal solar farm,50.0,37.5499,-6.0947,Andalucía,2022.0,PV,single_axis,True,0.0,0,0.0,1.0,1,True,L100000824534
plant_330,Crisnova solar project,12.1,38.708,-0.951,Castilla-La Mancha,2022.0,Assumed PV,single_axis,True,0.0,-3,-0.052335956242943835,0.9986295347545738,1,True,L100001009097
plant_331,Cosentino solar farm,20.0,37.3663,-2.2425,Andalucía,2022.0,PV,single_axis,True,0.0,-1,-0.01745240643728351,0.9998476951563913,1,True,L100000824473
plant_332,Canredondo solar farm,22.0,40.6345,-3.1744,Castilla-La Mancha,2022.0,PV,single_axis,True,0.0,-5,-0.08715574274765817,0.9961946980917455,1,True,L100000824418
plant_333,Canarias solar project XIV,11.8,27.8906,-15.4117,Canarias,2022.0,Assumed PV,single_axis,True,0.0,0,0.0,1.0,1,True,L100001053498
plant_334,EGA solar farm,30.0,37.0785,-2.3081,Andalucía,2022.0,PV,single_axis,True,0.0,0,0.0,1.0,1,True,L100000824495
plant_335,Draco solar farm (Spain),45.6,41.5267,-5.391,Castilla y León,2022.0,PV,single_axis,True,0.0,-3,-0.052335956242943835,0.9986295347545738,1,True,L100000824491
plant_336,San Antonio (Enel) solar farm,28.5,37.3285,-6.9279,Andalucía,2022.0,PV,single_axis,True,0.0,1,0.01745240643728351,0.9998476951563913,1,True,L100000824847
plant_337,Campos del Rio solar project,10.0,38.06,-1.341,Región de Murcia,2022.0,Assumed PV,single_axis,True,0.0,1,0.01745240643728351,0.9998476951563913,1,True,L100001009201
plant_338,El Romeral solar farm,42.0,39.5687,-2.0884,Castilla-La Mancha,2022.0,PV,single_axis,True,0.0,-2,-0.03489949670250097,0.9993908270190958,1,True,L100000805871
plant_339,Puertollano Green Hydrogen Solar Plant,120.0,38.6927,-4.097,Castilla-La Mancha,2022.0,PV,single_axis,True,0.0,-5,-0.08715574274765817,0.9961946980917455,1,True,L100000805875
plant_340,Revilla-Vallejera solar farm,50.0,42.1462,-4.1598,Castilla y León,2022.0,PV,single_axis,True,0.0,-2,-0.03489949670250097,0.9993908270190958,1,True,L100000824831
plant_341,Sunplex solar farm,42.3,37.1766,-2.9497,Andalucía,2022.0,PV,single_axis,True,0.0,-9,-0.15643446504023087,0.9876883405951378,1,True,L100000824879
plant_342,San Jorge (Comunidad Valenciana) solar farm,23.0,40.5641,0.373,Comunidad Valenciana,2022.0,PV,single_axis,True,0.0,0,0.0,1.0,1,True,L100001063358
plant_343,Sol De Casaquemada solar farm,50.0,37.4296,-6.281,Andalucía,2022.0,PV,single_axis,True,0.0,1,0.01745240643728351,0.9998476951563913,1,True,L100000805793
plant_344,Tierra de Badajoz solar farm,48.8,39.2774,-6.2734,Extremadura,2022.0,PV,single_axis,True,0.0,-2,-0.03489949670250097,0.9993908270190958,1,True,L100000824902
plant_345,Calatrava 1 solar farm,22.3,38.9935,-3.3951,Castilla-La Mancha,2022.0,PV,single_axis,True,0.0,-4,-0.0697564737441253,0.9975640502598242,1,True,L100000824402
plant_346,Fotosfera solar farm,42.3,37.1766,-2.9497,Andalucía,2022.0,PV,single_axis,True,0.0,-9,-0.15643446504023087,0.9876883405951378,1,True,L100000824546
plant_347,Extremadura solar project XLVII,19.4,38.8293,-6.5916,Extremadura,2022.0,Assumed PV,single_axis,True,0.0,-2,-0.03489949670250097,0.9993908270190958,1,True,L100001010064
plant_348,Olivares solar farm,49.9,37.7983,-3.7983,Andalucía,2022.0,PV,single_axis,True,0.0,0,0.0,1.0,1,True,L100000824773
plant_349,Gnowee solar farm,100.0,39.4218,-6.3283,Extremadura,2022.0,PV,single_axis,True,0.0,-2,-0.03489949670250097,0.9993908270190958,1,True,L100000824568
plant_350,Gemina solar farm,45.3,39.2774,-6.2734,Extremadura,2022.0,PV,single_axis,True,0.0,-2,-0.03489949670250097,0.9993908270190958,1,True,L100000824565
plant_351,Ursa Maior solar farm,48.1,42.5168,-5.7671,Castilla y León,2022.0,PV,single_axis,True,0.0,-2,-0.03489949670250097,0.9993908270190958,1,True,L100000824921
plant_352,Valbuena solar farm,50.0,40.6341,-3.1717,Castilla-La Mancha,2022.0,PV,single_axis,True,0.0,-5,-0.08715574274765817,0.9961946980917455,1,True,L100000824922
plant_353,Valdejalón solar project II,13.2,41.5007,-1.3488,Aragón,2022.0,Assumed PV,single_axis,True,0.0,-3,-0.052335956242943835,0.9986295347545738,1,True,L100001010273
plant_354,Ictio Manzanares solar farm,35.0,39.0146,-3.3721,Castilla-La Mancha,2022.0,PV,single_axis,True,0.0,-3,-0.052335956242943835,0.9986295347545738,1,True,L100000824613
plant_355,Iberelectrica 1 solar farm,22.3,38.9935,-3.3951,Castilla-La Mancha,2022.0,PV,single_axis,True,0.0,-4,-0.0697564737441253,0.9975640502598242,1,True,L100000824608
plant_356,Ictio Alcazar solar farm,94.2,39.3882,-3.2117,Castilla-La Mancha,2022.0,PV,single_axis,True,0.0,-3,-0.052335956242943835,0.9986295347545738,2,True,L100000824612
plant_357,Valencian Community solar project XXXIX,14.4,40.5643,0.373,Comunidad Valenciana,2022.0,Assumed PV,single_axis,True,0.0,0,0.0,1.0,1,True,L100001010476
plant_358,Barrica solar farm,99.0,40.9029,-1.2767,Aragón,2022.0,PV,single_axis,True,0.0,-4,-0.0697564737441253,0.9975640502598242,2,True,L100000806566
plant_359,Francisco Pizarro solar farm,553.0,39.5731,-5.7051,Extremadura,2022.0,PV,single_axis,True,0.0,0,0.0,1.0,1,True,L100000805867
plant_360,Fraile solar farm,36.0,38.7827,-5.4962,Castilla-La Mancha,2022.0,PV,single_axis,True,0.0,-1,-0.01745240643728351,0.9998476951563913,1,True,L100000824547
plant_361,Bolarque solar farm,50.0,40.3336,-2.6302,Castilla-La Mancha,2022.0,PV,single_axis,True,0.0,-4,-0.0697564737441253,0.9975640502598242,1,True,L100000824391
plant_362,Valencian Community solar project II,11.5,39.8846,-0.1017,Comunidad Valenciana,2022.0,Assumed PV,single_axis,True,0.0,1,0.01745240643728351,0.9998476951563913,1,True,L100001009302
plant_363,Olmedilla Hive solar farm,169.0,39.6143,-2.1039,Castilla-La Mancha,2022.0,PV,single_axis,True,0.0,-2,-0.03489949670250097,0.9993908270190958,1,True,L100000824775
plant_364,Kissoro solar farm,42.3,37.1766,-2.9497,Andalucía,2022.0,PV,single_axis,True,0.0,-9,-0.15643446504023087,0.9876883405951378,1,True,L100000824628
plant_365,Andalusia solar project XCII,13.4,37.2608,-5.8907,Andalucía,2022.0,Assumed PV,single_axis,True,0.0,1,0.01745240643728351,0.9998476951563913,1,True,L100001010126
plant_366,Minglanilla solar farm,199.2,39.5331,-1.5974,Castilla-La Mancha,2022.0,PV,single_axis,True,0.0,-1,-0.01745240643728351,0.9998476951563913,2,True,L100000824728
plant_367,Miraflores solar farm,22.0,38.7503,-5.5455,Extremadura,2022.0,PV,single_axis,True,0.0,-3,-0.052335956242943835,0.9986295347545738,1,True,L100000824730
plant_368,La Guita solar farm,46.6,36.6061,-5.7988,Andalucía,2022.0,PV,single_axis,True,0.0,1,0.01745240643728351,0.9998476951563913,1,True,L100000824643
plant_369,Arenosas solar farm,46.6,36.6061,-5.7988,Andalucía,2022.0,PV,single_axis,True,0.0,1,0.01745240643728351,0.9998476951563913,1,True,L100000824359
plant_370,Ninobe 3 solar farm,22.3,38.9935,-3.3951,Castilla-La Mancha,2022.0,PV,single_axis,True,0.0,-4,-0.0697564737441253,0.9975640502598242,1,True,L100000824761
plant_371,Malabrigo solar farm,46.6,36.6901,-6.1264,Andalucía,2022.0,PV,single_axis,True,0.0,3,0.052335956242943835,0.9986295347545738,1,True,L100000824707
plant_372,Majada Alta solar farm,49.9,39.63,-7.4556,Extremadura,2022.0,PV,single_axis,True,0.0,-1,-0.01745240643728351,0.9998476951563913,1,True,L100000824704
plant_373,Los Frailes solar farm,50.0,38.7806,-7.0484,Extremadura,2022.0,PV,single_axis,True,0.0,-1,-0.01745240643728351,0.9998476951563913,1,True,L100001005212
plant_374,Agripa solar farm,45.3,39.2774,-6.2734,Extremadura,2022.0,PV,single_axis,True,0.0,-2,-0.03489949670250097,0.9993908270190958,1,True,L100000824295
plant_375,La Solana solar farm,17.5,40.0179,-6.0874,Extremadura,2022.0,PV,single_axis,True,0.0,1,0.01745240643728351,0.9998476951563913,1,True,L100000824658
plant_376,La Torre 40 solar farm,42.0,37.7813,-3.7876,Andalucía,2022.0,PV,single_axis,True,0.0,-6,-0.10452846326765347,0.9945218953682733,1,True,L100000824659
plant_377,Alaudae solar farm,45.3,39.2774,-6.2734,Extremadura,2022.0,PV,single_axis,True,0.0,-2,-0.03489949670250097,0.9993908270190958,1,True,L100000824297
plant_378,Andalusia solar project CLXXVIII,17.2,37.5481,-6.1242,Andalucía,2022.0,Assumed PV,single_axis,True,0.0,0,0.0,1.0,1,True,L100001053192
plant_379,Amazon Alamo solar farm,100.0,39.9144,-4.0319,Castilla-La Mancha,2022.0,PV,single_axis,True,0.0,-3,-0.052335956242943835,0.9986295347545738,1,True,L100000824329
plant_380,Amazon 1 solar farm,111.0,39.5151,-6.3943,Extremadura,2022.0,PV,single_axis,True,0.0,-2,-0.03489949670250097,0.9993908270190958,1,True,L100000824328
plant_381,Zaragoza solar project IX,18.4,41.8613,-0.724,Aragón,2023.0,Assumed PV,single_axis,True,0.0,-2,-0.03489949670250097,0.9993908270190958,1,True,L100001010279
plant_382,Zaratán solar farm,33.0,41.644,-4.8492,Castilla y León,2023.0,PV,single_axis,True,0.0,-3,-0.052335956242943835,0.9986295347545738,1,True,L100000824966
plant_383,Villarino solar farm,49.9,41.2732,-6.4623,Castilla y León,2023.0,PV,single_axis,True,0.0,1,0.01745240643728351,0.9998476951563913,1,True,L100000805873
plant_384,Zaragoza solar project III,10.8,41.5183,-0.8563,Aragón,2023.0,Assumed PV,single_axis,True,0.0,0,0.0,1.0,1,True,L100001010272
plant_385,Los Llanos solar farm (Spain),132.1,38.3181,-6.3769,Extremadura,2023.0,PV,single_axis,True,0.0,-2,-0.03489949670250097,0.9993908270190958,3,True,L100000806036
plant_386,Magacela solar project,15.7,38.9131,-5.7043,Extremadura,2023.0,Assumed PV,single_axis,True,0.0,0,0.0,1.0,1,True,L100001009124
plant_387,Llanos De Olivenza solar project V,15.5,38.4848,-7.0345,Extremadura,2023.0,Assumed PV,single_axis,True,0.0,-1,-0.01745240643728351,0.9998476951563913,1,True,L100001010104
plant_388,Llanos De Olivenza solar project VIII,16.9,38.703,-7.0798,Extremadura,2023.0,Assumed PV,single_axis,True,0.0,-1,-0.01745240643728351,0.9998476951563913,1,True,L100001010467
plant_389,Llanos De Olivenza solar project IX,10.0,38.5241,-6.8683,Extremadura,2023.0,Assumed PV,single_axis,True,0.0,0,0.0,1.0,1,True,L100001010556
plant_390,La Solana CR solar project,14.0,38.9244,-3.2562,Castilla-La Mancha,2023.0,Assumed PV,single_axis,True,0.0,-4,-0.0697564737441253,0.9975640502598242,1,True,L100001009155
plant_391,La Sotonera Hoya De Huesca / Plana De Uesca solar project I,16.7,42.2121,-0.5608,Aragón,2023.0,Assumed PV,single_axis,True,0.0,0,0.0,1.0,1,True,L100001010325
plant_392,Las Gabias N solar project,18.2,37.1436,-3.7153,Andalucía,2023.0,Assumed PV,single_axis,True,0.0,-4,-0.0697564737441253,0.9975640502598242,1,True,L100001009178
plant_393,Las Jaras solar farm,59.0,38.719,-6.8169,Extremadura,2023.0,PV,single_axis,True,0.0,-2,-0.03489949670250097,0.9993908270190958,1,True,L100000824670
plant_394,Las Vaguadas I solar farm,10.0,38.8541,-6.9609,Extremadura,2023.0,PV,single_axis,True,0.0,-1,-0.01745240643728351,0.9998476951563913,1,True,L100000824674
plant_395,La Janda solar project II,10.0,36.351,-5.8605,Andalucía,2023.0,Assumed PV,single_axis,True,0.0,5,0.08715574274765817,0.9961946980917455,1,True,L100001053460
plant_396,Menorca solar project III,11.7,40.002,4.1493,Islas Baleares,2023.0,Assumed PV,single_axis,True,0.0,-2,-0.03489949670250097,0.9993908270190958,1,True,L100001010563
plant_397,Manztierra 1 solar farm,30.0,39.0185,-3.3056,Castilla-La Mancha,2023.0,PV,single_axis,True,0.0,-3,-0.052335956242943835,0.9986295347545738,1,True,L100001062243
plant_398,Manzanares (Elawan Energy) solar farm,36.0,39.0492,-3.3328,Castilla-La Mancha,2023.0,PV,single_axis,True,0.0,0,0.0,1.0,1,True,L100000824714
plant_399,Gazules solar farm,92.0,36.4637,-5.7252,Andalucía,2023.0,PV,single_axis,True,0.0,4,0.0697564737441253,0.9975640502598242,2,True,L100000824562
plant_400,Extremadura solar farm,124.80000000000001,38.7363,-6.4982,Extremadura,2023.0,PV,single_axis,True,0.0,-3,-0.052335956242943835,0.9986295347545738,3,True,L100000824539
plant_401,Extremadura solar project LIX,13.8,40.0033,-5.3768,Extremadura,2023.0,Assumed PV,single_axis,True,0.0,-1,-0.01745240643728351,0.9998476951563913,1,True,L100001010150
plant_402,Estrella Solar PV solar farm,35.8,38.6813,-4.1716,Castilla-La Mancha,2023.0,PV,single_axis,True,0.0,-3,-0.052335956242943835,0.9986295347545738,1,True,L100000824537
plant_403,Erribera / Ribera solar project XIII,11.5,42.1247,-1.8358,Comunidad Foral de Navarra,2023.0,Assumed PV,single_axis,True,0.0,-3,-0.052335956242943835,0.9986295347545738,1,True,L100001053273
plant_404,Erribera / Ribera solar project I,14.4,41.9829,-1.5713,Comunidad Foral de Navarra,2023.0,Assumed PV,single_axis,True,0.0,-2,-0.03489949670250097,0.9993908270190958,1,True,L100001009431
plant_405,Noroeste solar project VI,10.9,38.0902,-1.7273,Región de Murcia,2023.0,Assumed PV,single_axis,True,0.0,-3,-0.052335956242943835,0.9986295347545738,1,True,L100001010053
plant_406,Hoya De Huesca / Plana De Uesca solar project IV,14.2,42.1939,-0.5907,Aragón,2023.0,Assumed PV,single_axis,True,0.0,-1,-0.01745240643728351,0.9998476951563913,1,True,L100001010323
plant_407,Niebla solar farm,50.0,37.3158,-6.8417,Andalucía,2023.0,PV,single_axis,True,0.0,1,0.01745240643728351,0.9998476951563913,1,True,L100000824760
plant_408,Extremadura solar project XXXVIII,18.0,39.3354,-5.3513,Extremadura,2023.0,Assumed PV,single_axis,True,0.0,0,0.0,1.0,1,True,L100001009890
plant_409,Fuenmayor solar project,13.2,42.4699,-2.6086,La Rioja,2023.0,Assumed PV,single_axis,True,0.0,-1,-0.01745240643728351,0.9998476951563913,1,True,L100001009190
plant_410,Garnacha (ERG) solar farm,127.5,41.4712,-5.3579,Castilla y León,2023.0,PV,single_axis,True,0.0,-3,-0.052335956242943835,0.9986295347545738,1,True,L100000824559
plant_411,Rioja solar project II,10.5,42.3234,-2.0391,La Rioja,2023.0,Assumed PV,single_axis,True,0.0,-3,-0.052335956242943835,0.9986295347545738,1,True,L100001009469
plant_412,Castuera solar project,18.1,38.7465,-5.5313,Extremadura,2023.0,Assumed PV,single_axis,True,0.0,-2,-0.03489949670250097,0.9993908270190958,1,True,L100001009120
plant_413,Cifuentes-Trillo solar farm,626.0,40.709,-2.6312,Castilla-La Mancha,2023.0,PV,single_axis,True,0.0,-8,-0.13917310096006544,0.9902680687415704,1,True,L100000824461
plant_414,Colmenar De Oreja solar project,13.8,40.0917,-3.5464,Comunidad de Madrid,2023.0,Assumed PV,single_axis,True,0.0,-4,-0.0697564737441253,0.9975640502598242,1,True,L100001053638
plant_415,Comarca De Alhama solar project I,17.3,37.0729,-3.7871,Andalucía,2023.0,Assumed PV,single_axis,True,0.0,1,0.01745240643728351,0.9998476951563913,1,True,L100001009336
plant_416,Castile-La Mancha solar project XLV,10.9,38.8449,-1.0494,Castilla-La Mancha,2023.0,Assumed PV,single_axis,True,0.0,-3,-0.052335956242943835,0.9986295347545738,1,True,L100001009445
plant_417,Castile-La Mancha solar project LXV,13.8,38.8879,-2.0619,Castilla-La Mancha,2023.0,Assumed PV,single_axis,True,0.0,-5,-0.08715574274765817,0.9961946980917455,1,True,L100001009558
plant_418,Castile-La Mancha solar project CIII,13.2,39.1082,-1.476,Castilla-La Mancha,2023.0,Assumed PV,single_axis,True,0.0,-4,-0.0697564737441253,0.9975640502598242,1,True,L100001009724
plant_419,Castile-La Mancha solar project CCXXVIII,19.9,39.961,-2.6187,Castilla-La Mancha,2023.0,Assumed PV,single_axis,True,0.0,-4,-0.0697564737441253,0.9975640502598242,1,True,L100001010248
plant_420,Castile-La Mancha solar project CCCXXXIX,14.0,38.622,-4.0165,Castilla-La Mancha,2023.0,Assumed PV,single_axis,True,0.0,-5,-0.08715574274765817,0.9961946980917455,1,True,L100001053271
plant_421,Sierra Suroeste solar project I,11.1,38.3125,-6.7269,Extremadura,2023.0,Assumed PV,single_axis,True,0.0,-3,-0.052335956242943835,0.9986295347545738,1,True,L100001009374
plant_422,Castile-La Mancha solar project CCLXX,14.2,39.7336,-4.1,Castilla-La Mancha,2023.0,Assumed PV,single_axis,True,0.0,-5,-0.08715574274765817,0.9961946980917455,1,True,L100001010531
plant_423,Castile-La Mancha solar project CCLIV,14.6,38.7556,-1.5765,Castilla-La Mancha,2023.0,Assumed PV,single_axis,True,0.0,-3,-0.052335956242943835,0.9986295347545738,1,True,L100001010444
plant_424,Sonnedix El Carrascal solar farm,20.0,41.3367,-4.9184,Castilla y León,2023.0,PV,single_axis,True,0.0,-4,-0.0697564737441253,0.9975640502598242,1,True,L100001005695
plant_425,Comarca Metropolitana De Huelva solar project XIV,10.7,37.2937,-6.8137,Andalucía,2023.0,Assumed PV,single_axis,True,0.0,1,0.01745240643728351,0.9998476951563913,1,True,L100001010457
plant_426,Constanti 42 solar farm,14.5,41.3936,2.0757,Cataluña,2023.0,PV,single_axis,True,0.0,2,0.03489949670250097,0.9993908270190958,1,True,L100000824468
plant_427,Cáceres solar project,19.8,39.4631,-6.308,Extremadura,2023.0,Assumed PV,single_axis,True,0.0,-3,-0.052335956242943835,0.9986295347545738,1,True,L100001009135
plant_428,Daimiel solar project,19.9,38.9943,-3.5712,Castilla-La Mancha,2023.0,Assumed PV,single_axis,True,0.0,-4,-0.0697564737441253,0.9975640502598242,1,True,L100001009153
plant_429,Puerta del Jerte solar farm,30.0,40.0276,-6.0943,Extremadura,2023.0,PV,single_axis,True,0.0,-5,-0.08715574274765817,0.9961946980917455,1,True,L100000824815
plant_430,Puerta del Sol solar farm,44.0,40.6952,-3.3499,Castilla-La Mancha,2023.0,PV,single_axis,True,0.0,-5,-0.08715574274765817,0.9961946980917455,1,True,L100000824816
plant_431,Dulcinea solar farm,95.2,37.5041,-5.7135,Andalucía,2023.0,PV,single_axis,True,0.0,1,0.01745240643728351,0.9998476951563913,1,True,L100000824493
plant_432,El Rocío solar farm,128.0,37.0765,-6.5397,Andalucía,2023.0,PV,single_axis,True,0.0,3,0.052335956242943835,0.9986295347545738,3,True,L100000805943
plant_433,Pizarroso solar farm,49.8,39.4731,-6.3772,Extremadura,2023.0,PV,single_axis,True,0.0,-2,-0.03489949670250097,0.9993908270190958,1,True,L100001007587
plant_434,Poblete solar farm,20.0,38.9358,-3.982,Castilla-La Mancha,2023.0,PV,single_axis,True,0.0,-2,-0.03489949670250097,0.9993908270190958,1,True,L100000824806
plant_435,El Tomillar solar farm,16.0,38.9207,-1.7257,Castilla-La Mancha,2023.0,PV,single_axis,True,0.0,-7,-0.12186934340514748,0.992546151641322,1,True,L100000824513
plant_436,El Tomillar solar project,14.0,38.97,-1.772,Castilla-La Mancha,2023.0,Assumed PV,single_axis,True,0.0,-4,-0.0697564737441253,0.9975640502598242,1,True,L100001009098
plant_437,Sedéis solar farm,37.5,41.0109,-0.3844,Aragón,2023.0,PV,single_axis,True,0.0,-3,-0.052335956242943835,0.9986295347545738,1,True,L100000824857
plant_438,Castile-La Mancha solar project CCCLIII,13.5,38.8889,-1.3227,Castilla-La Mancha,2023.0,Assumed PV,single_axis,True,0.0,-4,-0.0697564737441253,0.9975640502598242,1,True,L100001053360
plant_439,Castile And León solar project LXIII,15.6,41.5303,-5.532,Castilla y León,2023.0,Assumed PV,single_axis,True,0.0,-3,-0.052335956242943835,0.9986295347545738,1,True,L100001009746
plant_440,Castile-La Mancha solar project CCCLXXXVIII,14.9,40.6378,-3.2892,Castilla-La Mancha,2023.0,Assumed PV,single_axis,True,0.0,0,0.0,1.0,1,True,L100001053594
plant_441,Castile And León solar project LXXXVI,12.2,41.7968,-4.9663,Castilla y León,2023.0,Assumed PV,single_axis,True,0.0,-2,-0.03489949670250097,0.9993908270190958,1,True,L100001009895
plant_442,Rota solar project,14.8,36.694,-6.2842,Andalucía,2023.0,Assumed PV,single_axis,True,0.0,3,0.052335956242943835,0.9986295347545738,1,True,L100001009147
plant_443,Comarca De La Vega De Granada solar project XIII,14.4,37.2662,-3.7824,Andalucía,2023.0,Assumed PV,single_axis,True,0.0,4,0.0697564737441253,0.9975640502598242,1,True,L100001010528
plant_444,Comarca Metropolitana De Huelva solar project VII,11.9,37.343,-6.8583,Andalucía,2023.0,Assumed PV,single_axis,True,0.0,1,0.01745240643728351,0.9998476951563913,1,True,L100001010070
plant_445,Brazoinves I solar farm,30.0,38.6576,-4.2581,Castilla-La Mancha,2023.0,PV,single_axis,True,0.0,-3,-0.052335956242943835,0.9986295347545738,1,True,L100001062241
plant_446,Arericsol 8 solar farm,25.0,38.1678,-6.6534,Extremadura,2023.0,PV,single_axis,True,0.0,-2,-0.03489949670250097,0.9993908270190958,1,True,L100001007622
plant_447,Vega Media Del Segura solar project IV,12.6,38.136,-1.1686,Región de Murcia,2023.0,Assumed PV,single_axis,True,0.0,-2,-0.03489949670250097,0.9993908270190958,1,True,L100001052804
plant_448,Valdompere solar farm,18.3,41.4239,-0.6109,Aragón,2023.0,PV,single_axis,True,0.0,-1,-0.01745240643728351,0.9998476951563913,1,True,L100001004298
plant_449,Valencian Community solar project III,11.1,39.4748,-1.1557,Comunidad Valenciana,2023.0,Assumed PV,single_axis,True,0.0,-1,-0.01745240643728351,0.9998476951563913,1,True,L100001009395
plant_450,Valladolid (Sonnedix) solar farm,107.8,41.6426,-4.734,Castilla y León,2023.0,PV,single_axis,True,0.0,-3,-0.052335956242943835,0.9986295347545738,7,True,L100000824930
plant_451,Tagus (Iberdrola) solar farm,200.0,39.6426,-7.005,Extremadura,2023.0,PV,single_axis,True,0.0,-2,-0.03489949670250097,0.9993908270190958,4,True,L100000824884
plant_452,Cantoria II solar project,12.6,37.375,-2.244,Andalucía,2023.0,Assumed PV,single_axis,True,0.0,-4,-0.0697564737441253,0.9975640502598242,1,True,L100001009108
plant_453,Canarias solar project XI,11.1,28.5133,-13.8826,Canarias,2023.0,Assumed PV,single_axis,True,0.0,7,0.12186934340514748,0.992546151641322,1,True,L100001053308
plant_454,Valladolid solar project III,13.1,41.7926,-4.865,Castilla y León,2023.0,Assumed PV,single_axis,True,0.0,-2,-0.03489949670250097,0.9993908270190958,1,True,L100001010176
plant_455,Altiplano solar project IX,11.6,38.6174,-1.3277,Región de Murcia,2023.0,Assumed PV,single_axis,True,0.0,-4,-0.0697564737441253,0.9975640502598242,1,True,L100001053624
plant_456,Almendralejo solar farm,125.0,38.8695,-6.9791,Extremadura,2023.0,PV,single_axis,True,0.0,-1,-0.01745240643728351,0.9998476951563913,1,True,L100001007670
plant_457,Valladolid solar project II,10.2,41.7864,-4.8551,Castilla y León,2023.0,Assumed PV,single_axis,True,0.0,-2,-0.03489949670250097,0.9993908270190958,1,True,L100001010175
plant_458,Arico solar project IV,17.3,28.1546,-16.4823,Canarias,2023.0,Assumed PV,single_axis,True,0.0,-3,-0.052335956242943835,0.9986295347545738,1,True,L100001010007
plant_459,Campiña De Jerez solar project,13.7,36.5817,-5.8457,Andalucía,2023.0,Assumed PV,single_axis,True,0.0,2,0.03489949670250097,0.9993908270190958,1,True,L100001053477
plant_460,Campanario (Planea Energia) solar farm,80.0,38.8713,-1.3466,Castilla-La Mancha,2023.0,PV,single_axis,True,0.0,-3,-0.052335956242943835,0.9986295347545738,1,True,L100001007589
plant_461,Trillo Node solar farm,626.0,40.7048,-2.5909,Castilla-La Mancha,2023.0,PV,single_axis,True,0.0,1,0.01745240643728351,0.9998476951563913,3,True,L100000805961
plant_462,Tres Pinos solar project,17.7,38.2072,-1.2525,Región de Murcia,2023.0,Assumed PV,single_axis,True,0.0,-1,-0.01745240643728351,0.9998476951563913,1,True,L100001009217
plant_463,Torrubia solar farm,50.0,41.4991,-1.0996,Aragón,2023.0,PV,single_axis,True,0.0,-2,-0.03489949670250097,0.9993908270190958,1,True,L100000824910
plant_464,Calatayud I solar farm,49.5,41.5215,-1.2525,Aragón,2023.0,PV,single_axis,True,0.0,-3,-0.052335956242943835,0.9986295347545738,1,True,L100001063338
plant_465,Casas de Don Pedro solar project,16.5,39.1157,-5.3346,Extremadura,2023.0,Assumed PV,single_axis,True,0.0,0,0.0,1.0,1,True,L100001009119
plant_466,Casa Valdes solar farm,44.0,40.541,-3.1913,Castilla-La Mancha,2023.0,PV,single_axis,True,0.0,-5,-0.08715574274765817,0.9961946980917455,1,True,L100000824435
plant_467,Cartago A1 solar farm,263.5,37.4583,-5.6408,Andalucía,2023.0,PV,single_axis,True,0.0,1,0.01745240643728351,0.9998476951563913,5,True,L100000824431
plant_468,Castile And León solar project CI,10.9,40.9122,-5.6287,Castilla y León,2023.0,Assumed PV,single_axis,True,0.0,-2,-0.03489949670250097,0.9993908270190958,1,True,L100001010013
plant_469,Son Salomó solar farm,52.0,39.9704,3.9048,Islas Baleares,2023.0,PV,single_axis,True,0.0,1,0.01745240643728351,0.9998476951563913,1,True,L100001007595
plant_470,Talayuela II (Statkraft) solar farm,55.2,39.9864,-5.3987,Extremadura,2023.0,PV,single_axis,True,0.0,-1,-0.01745240643728351,0.9998476951563913,1,True,L100000824887
plant_471,Kenia solar farm,180.0,37.1468,-4.5821,Andalucía,2024.0,PV,single_axis,True,0.0,-1,-0.01745240643728351,0.9998476951563913,4,True,L100001063384
plant_472,Alcalá de los Gazules solar farm,73.9,36.4634,-5.7266,Andalucía,2024.0,PV,single_axis,True,0.0,8,0.13917310096006544,0.9902680687415704,2,True,L100000824302
plant_473,La Luz solar farm,122.3,37.323,-6.8988,Andalucía,2024.0,PV,single_axis,True,0.0,1,0.01745240643728351,0.9998476951563913,3,True,L100001003750
plant_474,Peñarrubia solar farm,50.0,43.2591,-4.5842,Andalucía,2024.0,PV,single_axis,True,0.0,-10,-0.17364817766693033,0.984807753012208,1,True,L100000824796
plant_475,El Rancho solar farm,44.5,36.6876,-6.0216,Andalucía,2024.0,PV,single_axis,True,0.0,3,0.052335956242943835,0.9986295347545738,1,True,L100001063362
plant_476,El Condado solar project XXII,19.3,37.3789,-6.5191,Andalucía,2024.0,Assumed PV,single_axis,True,0.0,1,0.01745240643728351,0.9998476951563913,1,True,L100001053499
plant_477,El Condado solar project V,14.3,37.3983,-6.4255,Andalucía,2024.0,Assumed PV,single_axis,True,0.0,1,0.01745240643728351,0.9998476951563913,1,True,L100001009984
plant_478,Encina del Sol solar farm,35.8,38.6632,-4.1675,Castilla-La Mancha,2024.0,PV,single_axis,True,0.0,0,0.0,1.0,1,True,L100000824522
plant_479,Ribera Alta Del Ebro solar project VII,13.5,41.7199,-1.2108,Aragón,2024.0,Assumed PV,single_axis,True,0.0,-2,-0.03489949670250097,0.9993908270190958,1,True,L100001053659
plant_480,Comunidad De Calatayud solar project III,14.3,41.3945,-1.7776,Aragón,2024.0,Assumed PV,single_axis,True,0.0,-4,-0.0697564737441253,0.9975640502598242,1,True,L100001053420
plant_481,Betierra solar farm,150.0,40.0484,-3.058,Castilla-La Mancha,2024.0,PV,single_axis,True,0.0,-4,-0.0697564737441253,0.9975640502598242,3,True,L100001005481
plant_482,Alhendín solar farm,56.0,37.1774,-3.5937,Andalucía,2024.0,PV,single_axis,True,0.0,3,0.052335956242943835,0.9986295347545738,1,True,L100000824314
plant_483,Alconchel solar farm,12.0,39.6196,-2.7904,Extremadura,2024.0,PV,single_axis,True,0.0,-3,-0.052335956242943835,0.9986295347545738,1,True,L100000824306
plant_484,Agenor solar farm,50.0,36.5207,-6.2794,Andalucía,2024.0,PV,single_axis,True,0.0,4,0.0697564737441253,0.9975640502598242,1,True,L100000824294
plant_485,Arroyadas solar farm,33.0,41.523,-4.7768,Castilla y León,2024.0,PV,single_axis,True,0.0,-4,-0.0697564737441253,0.9975640502598242,1,True,L100000824361
plant_486,Bajo Guadalentín solar project XIV,11.7,37.8561,-1.3867,Región de Murcia,2024.0,Assumed PV,single_axis,True,0.0,0,0.0,1.0,1,True,L100001053280
plant_487,Villanueva 2 (Eni) solar farm,50.0,40.0093,-2.5723,Castilla-La Mancha,2024.0,PV,single_axis,True,0.0,-3,-0.052335956242943835,0.9986295347545738,1,True,L100001020809
plant_488,Villanueva del Rey solar farm,50.0,37.5216,-4.5467,Andalucía,2024.0,PV,single_axis,True,0.0,0,0.0,1.0,1,True,L100000824948
plant_489,Aguasvivas solar farm,55.0,41.1471,-0.8656,Aragón,2024.0,PV,single_axis,True,0.0,-4,-0.0697564737441253,0.9975640502598242,1,True,L100001020808
plant_490,Canarias solar project XVI,13.6,28.5186,-13.854,Canarias,2024.0,Assumed PV,single_axis,True,0.0,7,0.12186934340514748,0.992546151641322,1,True,L100001053526
plant_491,Bajo Guadalentín solar project VIII,10.3,37.6249,-1.3614,Región de Murcia,2024.0,Assumed PV,single_axis,True,0.0,0,0.0,1.0,1,True,L100001010515
plant_492,Carmonita Norte solar farm,115.0,39.1439,-6.2788,Extremadura,2024.0,PV,single_axis,True,0.0,0,0.0,1.0,3,True,L100000824426
plant_493,Carmonita Ministerio solar farm,477.0,39.1365,-6.3406,Extremadura,2024.0,PV,single_axis,True,0.0,0,0.0,1.0,3,True,L100000824425
plant_494,Andalusia solar project CXLV,16.0,37.7286,-4.9864,Andalucía,2024.0,Assumed PV,single_axis,True,0.0,1,0.01745240643728351,0.9998476951563913,1,True,L100001052812
plant_495,Andalusia solar project CLVII,14.5,37.5548,-5.6172,Andalucía,2024.0,Assumed PV,single_axis,True,0.0,0,0.0,1.0,1,True,L100001052935
plant_496,Bajo Guadalentín solar project XI,10.9,37.7781,-1.431,Región de Murcia,2024.0,Assumed PV,single_axis,True,0.0,1,0.01745240643728351,0.9998476951563913,1,True,L100001053025
plant_497,Calatrava 2 solar farm,50.0,38.877,-3.8675,Castilla-La Mancha,2024.0,PV,single_axis,True,0.0,-2,-0.03489949670250097,0.9993908270190958,1,True,L100001005690
plant_498,Cuenca Minera solar project,18.5,37.7148,-6.5755,Andalucía,2024.0,Assumed PV,single_axis,True,0.0,-2,-0.03489949670250097,0.9993908270190958,1,True,L100001053769
plant_499,Ribera Alta Del Ebro solar project VI,18.6,41.7479,-1.2045,Aragón,2024.0,Assumed PV,single_axis,True,0.0,-2,-0.03489949670250097,0.9993908270190958,1,True,L100001053335
plant_500,Castile-La Mancha solar project CCCLXXXII,19.1,39.9574,-3.5521,Castilla-La Mancha,2024.0,Assumed PV,single_axis,True,0.0,-4,-0.0697564737441253,0.9975640502598242,1,True,L100001053546
plant_501,Santa María Del Cubillo solar project I,13.1,40.7117,-4.4392,Castilla y León,2024.0,Assumed PV,single_axis,True,0.0,-4,-0.0697564737441253,0.9975640502598242,1,True,L100001053626
plant_502,Castile-La Mancha solar project CCXCVI,18.5,38.7034,-4.2166,Castilla-La Mancha,2024.0,Assumed PV,single_axis,True,0.0,-4,-0.0697564737441253,0.9975640502598242,1,True,L100001052968
plant_503,Castile-La Mancha solar project CCXCIX,15.5,39.564,-1.6331,Castilla-La Mancha,2024.0,Assumed PV,single_axis,True,0.0,-3,-0.052335956242943835,0.9986295347545738,1,True,L100001052996
plant_504,Castile-La Mancha solar project CCCLXIV,12.8,39.9637,-3.5683,Castilla-La Mancha,2024.0,Assumed PV,single_axis,True,0.0,-4,-0.0697564737441253,0.9975640502598242,1,True,L100001053440
plant_505,Sierra Suroeste solar project V,10.9,38.1843,-6.6394,Extremadura,2024.0,Assumed PV,single_axis,True,0.0,-2,-0.03489949670250097,0.9993908270190958,1,True,L100001010098
plant_506,Huévar del Aljarafe solar farm,72.0,37.3543,-6.2644,Andalucía,2024.0,PV,single_axis,True,0.0,1,0.01745240643728351,0.9998476951563913,2,True,L100001003186
plant_507,El Condado solar project III,10.6,37.2766,-6.5701,Andalucía,2024.0,Assumed PV,single_axis,True,0.0,2,0.03489949670250097,0.9993908270190958,1,True,L100001009739
plant_508,El Condado solar project XVI,16.8,37.3568,-6.3731,Andalucía,2024.0,Assumed PV,single_axis,True,0.0,1,0.01745240643728351,0.9998476951563913,1,True,L100001052900
plant_509,Guadacano solar farm,62.0,37.113,-4.4959,Andalucía,2024.0,PV,single_axis,True,0.0,-1,-0.01745240643728351,0.9998476951563913,1,True,L100001063383
plant_510,Mérida solar project IV,14.0,38.848,-6.33,Extremadura,2024.0,Assumed PV,single_axis,True,0.0,-1,-0.01745240643728351,0.9998476951563913,1,True,L100001053782
plant_511,Carmonita Sur solar farm,105.0,39.1357,-6.3205,Extremadura,2024.0,PV,single_axis,True,0.0,0,0.0,1.0,3,True,L100000824427
plant_512,Sigma (Reposal) solar farm,204.0,36.6343,-6.3508,Andalucía,2024.0,PV,single_axis,True,0.0,4,0.0697564737441253,0.9975640502598242,1,True,L100000805938
plant_513,Sierra Suroeste solar project VI,10.2,38.1867,-6.6513,Extremadura,2024.0,Assumed PV,single_axis,True,0.0,-2,-0.03489949670250097,0.9993908270190958,1,True,L100001010099
plant_514,Castile And León solar project CLXXXVIII,11.5,42.3256,-3.6014,Castilla y León,2024.0,Assumed PV,single_axis,True,0.0,-1,-0.01745240643728351,0.9998476951563913,1,True,L100001052886
plant_515,Castile And León solar project CCCXLI,10.9,42.0105,-3.267,Castilla y León,2024.0,Assumed PV,single_axis,True,0.0,-5,-0.08715574274765817,0.9961946980917455,1,True,L100001053778
plant_516,Grijota solar farm,104.8,42.1023,-4.5713,Castilla y León,2025.0,PV,single_axis,True,0.0,-2,-0.03489949670250097,0.9993908270190958,2,True,L100001004514
plant_517,Manantiales solar farm,30.0,40.8831,-2.759,Castilla-La Mancha,2025.0,PV,single_axis,True,0.0,0,0.0,1.0,1,True,L100000824709
plant_518,Zorita solar farm,100.0,40.3505,-2.8818,Castilla-La Mancha,2025.0,PV,single_axis,True,0.0,-4,-0.0697564737441253,0.9975640502598242,2,True,L100000824970
plant_519,Naipes solar farm,83.4,38.7653,-6.581,Extremadura,2025.0,PV,single_axis,True,0.0,-2,-0.03489949670250097,0.9993908270190958,2,True,L100000824754
plant_520,Murcia (Solarpack) solar farm,54.0,38.0006,-1.3344,Región de Murcia,2025.0,PV,single_axis,True,0.0,0,0.0,1.0,1,True,L100001007577
plant_521,Mudéjar solar farm,47.6,41.0222,-0.4292,Aragón,2025.0,PV,single_axis,True,0.0,-4,-0.0697564737441253,0.9975640502598242,1,True,L100000805935
plant_522,El Encinar I solar farm,41.7,38.7653,-6.581,Extremadura,2025.0,PV,single_axis,True,0.0,-2,-0.03489949670250097,0.9993908270190958,1,True,L100000824505
plant_523,Moratalla solar farm,36.0,38.3066,-1.8714,Región de Murcia,2025.0,PV,single_axis,True,0.0,-6,-0.10452846326765347,0.9945218953682733,1,True,L100001063436
plant_524,José Cabrera (Grenergy) solar farm,50.4,40.3541,-2.8954,Castilla-La Mancha,2025.0,PV,single_axis,True,0.0,-5,-0.08715574274765817,0.9961946980917455,1,True,L100000824626
plant_525,Níjarmar solar farm,21.5,37.0042,-2.1223,Andalucía,2025.0,PV,single_axis,True,0.0,2,0.03489949670250097,0.9993908270190958,1,True,L100001063799
plant_526,Ocaña solar farm,50.0,39.967,-3.5652,Castilla-La Mancha,2025.0,PV,single_axis,True,0.0,-4,-0.0697564737441253,0.9975640502598242,1,True,L100000824768
plant_527,Fundici solar farm,55.0,37.559,-6.0215,Andalucía,2025.0,PV,single_axis,True,0.0,0,0.0,1.0,1,True,L100001063380
plant_528,Erribera / Ribera solar project XVIII,15.2,42.1144,-1.6825,Comunidad Foral de Navarra,2025.0,Assumed PV,single_axis,True,0.0,-2,-0.03489949670250097,0.9993908270190958,1,True,L100001053775
plant_529,Rey solar farm,356.4,37.5627,-5.6031,Andalucía,2025.0,PV,single_axis,True,0.0,1,0.01745240643728351,0.9998476951563913,4,True,L100000824832
plant_530,El Corchito solar farm,25.0,38.3328,-6.7023,Extremadura,2025.0,PV,single_axis,True,0.0,-2,-0.03489949670250097,0.9993908270190958,1,True,L100001063279
plant_531,Renopool solar farm,130.0,38.7978,-6.6289,Extremadura,2025.0,PV,single_axis,True,0.0,-2,-0.03489949670250097,0.9993908270190958,1,True,L100001007593
plant_532,El Andévalo solar project XI,12.4,37.6407,-6.878,Andalucía,2025.0,Assumed PV,single_axis,True,0.0,-1,-0.01745240643728351,0.9998476951563913,1,True,L100001053206
plant_533,Ebro I solar farm,52.9,42.1296,-1.6796,Comunidad Foral de Navarra,2025.0,PV,single_axis,True,0.0,0,0.0,1.0,1,True,L100001063376
plant_534,Belvis solar farm,91.0,39.7982,-5.6754,Extremadura,2025.0,PV,single_axis,True,0.0,-1,-0.01745240643728351,0.9998476951563913,2,True,L100000824383
plant_535,Castano solar farm,134.0,40.9113,-4.2466,Castilla y León,2025.0,PV,single_axis,True,0.0,0,0.0,1.0,1,True,L100001007662
plant_536,Alcores Calaspasol solar farm,39.9,37.4706,-5.647,Andalucía,,PV,single_axis,True,0.0,1,0.01745240643728351,0.9998476951563913,1,True,L100000824307
plant_537,Altos de Libia solar farm,15.0,41.7669,-2.4755,Castilla y León,,PV,single_axis,True,0.0,-5,-0.08715574274765817,0.9961946980917455,1,True,L100000824324
plant_538,Archidona (Encavis) solar farm,56.3,37.095,-4.3815,Andalucía,,PV,single_axis,True,0.0,-1,-0.01745240643728351,0.9998476951563913,1,True,L100000824355
plant_539,Azuer solar farm,83.4,39.0014,-3.3698,Castilla-La Mancha,,PV,single_axis,True,0.0,-3,-0.052335956242943835,0.9986295347545738,2,True,L100000824374
plant_540,Baldio 2 solar farm,19.0,40.2981,-2.0182,Castilla-La Mancha,,PV,single_axis,True,0.0,-7,-0.12186934340514748,0.992546151641322,1,True,L100000824376
plant_541,Belinchón solar farm,150.0,40.0678,-2.9667,Castilla-La Mancha,,PV,single_axis,True,0.0,-4,-0.0697564737441253,0.9975640502598242,3,True,L100000824382
plant_542,Biniatria solar farm,12.6,39.8094,3.0818,Islas Baleares,,PV,single_axis,True,0.0,1,0.01745240643728351,0.9998476951563913,1,True,L100000824388
plant_543,Budweiser solar farm,148.0,39.3261,-4.838,Extremadura,,PV,single_axis,True,0.0,0,0.0,1.0,2,True,L100000805711
plant_544,CSF Carril XE solar farm,43.9,38.0657,-1.667,Región de Murcia,,PV,single_axis,True,0.0,-2,-0.03489949670250097,0.9993908270190958,1,True,L100001007674
plant_545,Calasparra solar farm,22.3,38.2635,-1.6817,Región de Murcia,,PV,single_axis,True,0.0,-1,-0.01745240643728351,0.9998476951563913,1,True,L100001007672
plant_546,Casetona solar farm,27.7,42.1523,-4.1422,Castilla y León,,PV,single_axis,True,0.0,0,0.0,1.0,1,True,L100001004498
plant_547,Centurión solar farm,116.5,38.1365,-6.5145,Extremadura,,PV,single_axis,True,0.0,-3,-0.052335956242943835,0.9986295347545738,1,True,L100000824448
plant_548,Cespedera solar farm,27.0,36.52,-6.2808,Andalucía,,PV,single_axis,True,0.0,4,0.0697564737441253,0.9975640502598242,1,True,L100000824454
plant_549,Chiprana solar farm,200.0,41.262,-0.1266,Aragón,,PV,single_axis,True,0.0,-1,-0.01745240643728351,0.9998476951563913,1,True,L100001007625
plant_550,Desafio solar farm,50.0,41.3389,-0.5935,Aragón,,PV,single_axis,True,0.0,-2,-0.03489949670250097,0.9993908270190958,1,True,L100001007678
plant_551,El Aliagar 2 solar farm,46.7,41.8318,-0.7644,Aragón,,PV,single_axis,True,0.0,-2,-0.03489949670250097,0.9993908270190958,1,True,L100000824498
plant_552,El Berrocal solar farm,50.0,37.5465,-6.161,Andalucía,,PV,single_axis,True,0.0,0,0.0,1.0,1,True,L100001007557
plant_553,El Cuervo Chico solar farm,20.0,36.8361,-6.0696,Andalucía,,Assumed PV,single_axis,True,0.0,2,0.03489949670250097,0.9993908270190958,1,True,L100001007680
plant_554,El Doblón solar farm,50.0,38.7574,-6.3997,Extremadura,,PV,single_axis,True,0.0,-2,-0.03489949670250097,0.9993908270190958,1,True,L100000805787
plant_555,El Muelle solar farm,11.0,41.4672,-1.0858,Aragón,,PV,single_axis,True,0.0,-3,-0.052335956242943835,0.9986295347545738,1,True,L100000824508
plant_556,El Robledo solar farm,49.8,41.2617,-0.1265,Aragón,,PV,single_axis,True,0.0,-1,-0.01745240643728351,0.9998476951563913,1,True,L100000824511
plant_557,Emoción solar farm,49.8,41.2874,-0.324,Aragón,,PV,single_axis,True,0.0,-1,-0.01745240643728351,0.9998476951563913,1,True,L100000824521
plant_558,Envitero solar farm,45.6,41.2874,-0.324,Aragón,,PV,single_axis,True,0.0,-1,-0.01745240643728351,0.9998476951563913,1,True,L100000824527
plant_559,Escarnes solar farm,40.1,41.2874,-0.324,Aragón,,PV,single_axis,True,0.0,-1,-0.01745240643728351,0.9998476951563913,1,True,L100000824529
plant_560,Fuentes de Ebro solar farm,40.0,41.6547,-0.9125,Aragón,,PV,single_axis,True,0.0,-1,-0.01745240643728351,0.9998476951563913,1,True,L100001007597
plant_561,Fuentes solar farm,50.0,39.9442,-2.0069,Castilla-La Mancha,,PV,single_axis,True,0.0,0,0.0,1.0,1,True,L100000824551
plant_562,Galisteo solar farm,41.9,40.0651,-6.2734,Extremadura,,PV,single_axis,True,0.0,-2,-0.03489949670250097,0.9993908270190958,1,True,L100000824554
plant_563,Guillena (AER) solar farm,50.0,37.5446,-6.0571,Andalucía,,PV,single_axis,True,0.0,1,0.01745240643728351,0.9998476951563913,1,True,L100001005696
plant_564,Hornachos solar farm,24.0,38.577,-6.1131,Extremadura,,PV,single_axis,True,0.0,-2,-0.03489949670250097,0.9993908270190958,1,True,L100000824605
plant_565,Ignis Solar 1 solar farm,49.8,41.2874,-0.324,Aragón,,PV,single_axis,True,0.0,-1,-0.01745240643728351,0.9998476951563913,1,True,L100000824615
plant_566,Jaén (Aquila Clean Energy) solar farm,50.0,37.7798,-3.7883,Andalucía,,PV,single_axis,True,0.0,-6,-0.10452846326765347,0.9945218953682733,1,True,L100000824622
plant_567,La Corchuela solar farm,22.6,38.8273,-7.0179,Extremadura,,PV,single_axis,True,0.0,-1,-0.01745240643728351,0.9998476951563913,1,True,L100001007685
plant_568,La Isla solar farm,157.5,37.243,-5.8741,Andalucía,,PV,single_axis,True,0.0,1,0.01745240643728351,0.9998476951563913,1,True,L100000824644
plant_569,Logro solar farm,47.1,41.2617,-0.1265,Aragón,,PV,single_axis,True,0.0,-1,-0.01745240643728351,0.9998476951563913,1,True,L100000824683
plant_570,Los Escuderos solar farm,200.0,39.9312,-2.4474,Castilla-La Mancha,,PV,single_axis,True,0.0,-3,-0.052335956242943835,0.9986295347545738,4,True,L100000805847
plant_571,Los Limonetes solar farm,49.9,38.7771,-6.8101,Extremadura,,PV,single_axis,True,0.0,-2,-0.03489949670250097,0.9993908270190958,1,True,L100000824687
plant_572,Manzanares solar farm,84.0,38.9964,-3.3847,Castilla-La Mancha,,PV,single_axis,True,0.0,0,0.0,1.0,2,True,L100000806004
plant_573,Mediomonte solar farm,49.8,41.2874,-0.324,Aragón,,PV,single_axis,True,0.0,-1,-0.01745240643728351,0.9998476951563913,1,True,L100000824726
plant_574,Mocatero solar farm,40.1,41.2874,-0.324,Aragón,,PV,single_axis,True,0.0,-1,-0.01745240643728351,0.9998476951563913,1,True,L100000824732
plant_575,Oriol solar farm,328.0,39.8221,-6.7734,Extremadura,,PV,single_axis,True,0.0,-2,-0.03489949670250097,0.9993908270190958,1,True,L100000824778
plant_576,Palabra solar farm,49.8,41.2874,-0.324,Aragón,,PV,single_axis,True,0.0,-1,-0.01745240643728351,0.9998476951563913,1,True,L100000824783
plant_577,Pedroso solar farm,30.9,37.6568,-5.5269,Andalucía,,PV,single_axis,True,0.0,1,0.01745240643728351,0.9998476951563913,1,True,L100000824791
plant_578,Posadas solar farm,50.0,37.8042,-5.108,Andalucía,,PV,single_axis,True,0.0,2,0.03489949670250097,0.9993908270190958,1,True,L100000824809
plant_579,Puerta Palma solar farm,50.0,38.7574,-6.3997,Extremadura,,PV,single_axis,True,0.0,-2,-0.03489949670250097,0.9993908270190958,1,True,L100000805786
plant_580,Ribagrande solar farm,49.8,41.2617,-0.1265,Aragón,,PV,single_axis,True,0.0,-1,-0.01745240643728351,0.9998476951563913,1,True,L100000824833
plant_581,Sa Caseta solar farm,21.8,39.489,2.8904,Islas Baleares,,PV,single_axis,True,0.0,0,0.0,1.0,1,True,L100000824842
plant_582,Sabinar Hive solar farm,238.0,39.5465,-2.0874,Castilla-La Mancha,,PV,single_axis,True,0.0,-1,-0.01745240643728351,0.9998476951563913,2,True,L100000824843
plant_583,Sevilla Calaspasol solar farm,39.9,37.5424,-6.0559,Andalucía,,PV,single_axis,True,0.0,1,0.01745240643728351,0.9998476951563913,1,True,L100000824860
plant_584,Sierrezuela solar farm,49.8,41.2617,-0.1265,Aragón,,PV,single_axis,True,0.0,-1,-0.01745240643728351,0.9998476951563913,1,True,L100000824862
plant_585,Son Reus solar farm,10.7,39.6491,2.6849,Islas Baleares,,PV,single_axis,True,0.0,0,0.0,1.0,1,True,L100000824872
plant_586,Stellantis (Vigo) solar farm,10.8,42.2082,-8.7418,Galicia,,PV,single_axis,True,0.0,3,0.052335956242943835,0.9986295347545738,1,True,L100000824876
plant_587,Tabernas 2 solar farm,50.0,37.0524,-2.2628,Andalucía,,PV,single_axis,True,0.0,1,0.01745240643728351,0.9998476951563913,1,True,L100000824882
plant_588,Tiza solar farm,30.0,36.8391,-2.4619,Andalucía,,PV,single_axis,True,0.0,0,0.0,1.0,1,True,L100000824903
plant_589,Torrecilla solar farm,42.0,39.5748,-5.7513,Extremadura,,PV,single_axis,True,0.0,-2,-0.03489949670250097,0.9993908270190958,1,True,L100000824907
plant_590,Valdecarretas (Renewables japan) solar farm,37.8,41.4413,-5.3745,Castilla y León,,PV,single_axis,True,0.0,-3,-0.052335956242943835,0.9986295347545738,1,True,L100001003292
plant_591,Valdelagua solar farm,49.8,41.2617,-0.1265,Aragón,,PV,single_axis,True,0.0,-1,-0.01745240643728351,0.9998476951563913,1,True,L100000824925
plant_592,Veracruz solar farm,50.0,38.7574,-6.3997,Extremadura,,PV,single_axis,True,0.0,-2,-0.03489949670250097,0.9993908270190958,1,True,L100000805785
plant_593,Virgen del Carmen solar farm,26.1,37.3766,-6.9684,Andalucía,,PV,single_axis,True,0.0,1,0.01745240643728351,0.9998476951563913,1,True,L100000824954
